student_courses_id,student_id,course_id,semester,status
1,968,31,2023-1,in_progress
2,502,23,2023-1,dropped
3,803,24,2023-1,in_progress
4,827,5,2023-1,in_progress
5,715,42,2023-1,completed
6,529,9,2023-1,in_progress
7,917,15,2023-1,in_progress
8,492,19,2023-1,in_progress
9,315,7,2023-1,dropped
10,272,33,2023-1,in_progress
11,113,43,2023-1,in_progress
12,832,1,2023-1,completed
13,48,42,2023-1,dropped
14,359,25,2023-1,dropped
15,678,18,2023-1,in_progress
16,550,40,2023-1,dropped
17,513,23,2023-1,completed
18,580,24,2023-1,completed
19,358,2,2023-1,in_progress
20,320,32,2023-1,completed
21,214,31,2023-1,dropped
22,125,14,2023-1,completed
23,532,32,2023-1,in_progress
24,592,19,2023-1,in_progress
25,993,46,2023-1,in_progress
26,528,16,2023-1,in_progress
27,260,34,2023-1,dropped
28,744,23,2023-1,in_progress
29,169,25,2023-1,dropped
30,110,48,2023-1,dropped
31,605,32,2023-1,completed
32,980,44,2023-1,completed
33,869,8,2023-1,in_progress
34,361,21,2023-1,completed
35,635,46,2023-1,in_progress
36,764,46,2023-1,completed
37,65,21,2023-1,dropped
38,379,8,2023-1,completed
39,694,30,2023-1,in_progress
40,577,42,2023-1,dropped
41,987,11,2023-1,in_progress
42,686,39,2023-1,in_progress
43,884,25,2023-1,dropped
44,967,17,2023-1,in_progress
45,921,5,2023-1,dropped
46,521,40,2023-1,completed
47,3,23,2023-1,completed
48,960,2,2023-1,dropped
49,893,14,2023-1,completed
50,856,43,2023-1,in_progress
51,620,24,2023-1,completed
52,163,41,2023-1,in_progress
53,120,12,2023-1,completed
54,47,48,2023-1,in_progress
55,707,27,2023-1,completed
56,464,49,2023-1,dropped
57,286,8,2023-1,completed
58,673,45,2023-1,dropped
59,983,32,2023-1,dropped
60,721,25,2023-1,dropped
61,783,23,2023-1,dropped
62,654,47,2023-1,dropped
63,722,50,2023-1,dropped
64,712,35,2023-1,dropped
65,932,5,2023-1,in_progress
66,707,10,2023-1,completed
67,437,45,2023-1,dropped
68,725,16,2023-1,completed
69,977,23,2023-1,dropped
70,284,30,2023-1,in_progress
71,231,43,2023-1,in_progress
72,604,42,2023-1,completed
73,692,22,2023-1,completed
74,109,25,2023-1,in_progress
75,955,6,2023-1,dropped
76,270,12,2023-1,in_progress
77,82,6,2023-1,dropped
78,418,26,2023-1,dropped
79,570,1,2023-1,in_progress
80,535,50,2023-1,dropped
81,247,48,2023-1,in_progress
82,309,18,2023-1,completed
83,380,25,2023-1,dropped
84,256,1,2023-1,dropped
85,774,17,2023-1,completed
86,826,28,2023-1,in_progress
87,19,10,2023-1,in_progress
88,711,41,2023-1,completed
89,286,44,2023-1,dropped
90,129,27,2023-1,in_progress
91,536,32,2023-1,completed
92,810,30,2023-1,dropped
93,957,12,2023-1,completed
94,728,8,2023-1,in_progress
95,885,35,2023-1,completed
96,982,9,2023-1,completed
97,774,22,2023-1,in_progress
98,742,37,2023-1,in_progress
99,277,50,2023-1,completed
100,108,20,2023-1,dropped
101,111,30,2023-1,completed
102,864,13,2023-1,in_progress
103,453,42,2023-1,dropped
104,34,1,2023-1,completed
105,181,31,2023-1,in_progress
106,405,15,2023-1,completed
107,379,7,2023-1,in_progress
108,918,1,2023-1,completed
109,580,21,2023-1,in_progress
110,292,39,2023-1,in_progress
111,244,21,2023-1,in_progress
112,931,39,2023-1,in_progress
113,143,33,2023-1,completed
114,797,11,2023-1,completed
115,651,30,2023-1,dropped
116,398,34,2023-1,completed
117,151,11,2023-1,completed
118,51,35,2023-1,in_progress
119,830,23,2023-1,dropped
120,262,19,2023-1,in_progress
121,61,13,2023-1,dropped
122,282,44,2023-1,completed
123,17,7,2023-1,in_progress
124,456,6,2023-1,completed
125,131,14,2023-1,in_progress
126,787,23,2023-1,completed
127,2,16,2023-1,in_progress
128,463,34,2023-1,completed
129,535,35,2023-1,completed
130,912,26,2023-1,completed
131,638,14,2023-1,dropped
132,21,27,2023-1,completed
133,90,48,2023-1,completed
134,185,18,2023-1,completed
135,107,8,2023-1,in_progress
136,316,6,2023-1,dropped
137,923,20,2023-1,completed
138,600,35,2023-1,dropped
139,955,25,2023-1,in_progress
140,733,1,2023-1,in_progress
141,221,8,2023-1,in_progress
142,902,25,2023-1,in_progress
143,731,19,2023-1,in_progress
144,344,15,2023-1,completed
145,245,7,2023-1,completed
146,561,2,2023-1,in_progress
147,834,7,2023-1,completed
148,186,37,2023-1,in_progress
149,634,35,2023-1,in_progress
150,307,1,2023-1,in_progress
151,236,36,2023-1,completed
152,384,42,2023-1,dropped
153,380,21,2023-1,completed
154,298,11,2023-1,in_progress
155,867,46,2023-1,in_progress
156,69,39,2023-1,dropped
157,433,25,2023-1,completed
158,340,47,2023-1,in_progress
159,806,47,2023-1,dropped
160,413,49,2023-1,in_progress
161,599,13,2023-1,completed
162,367,14,2023-1,completed
163,393,44,2023-1,in_progress
164,124,16,2023-1,completed
165,331,24,2023-1,dropped
166,360,13,2023-1,in_progress
167,647,6,2023-1,completed
168,366,36,2023-1,completed
169,865,27,2023-1,dropped
170,407,1,2023-1,dropped
171,214,14,2023-1,dropped
172,601,37,2023-1,dropped
173,479,36,2023-1,dropped
174,396,15,2023-1,dropped
175,817,26,2023-1,dropped
176,210,37,2023-1,dropped
177,962,49,2023-1,dropped
178,164,16,2023-1,dropped
179,279,22,2023-1,in_progress
180,297,13,2023-1,in_progress
181,281,34,2023-1,completed
182,113,10,2023-1,dropped
183,689,21,2023-1,dropped
184,205,3,2023-1,dropped
185,721,35,2023-1,in_progress
186,170,9,2023-1,in_progress
187,350,23,2023-1,dropped
188,381,35,2023-1,completed
189,282,28,2023-1,completed
190,877,39,2023-1,dropped
191,656,35,2023-1,completed
192,801,43,2023-1,completed
193,688,34,2023-1,completed
194,447,42,2023-1,completed
195,181,24,2023-1,in_progress
196,328,23,2023-1,dropped
197,987,40,2023-1,in_progress
198,12,8,2023-1,completed
199,4,48,2023-1,in_progress
200,386,17,2023-1,in_progress
201,473,2,2023-1,in_progress
202,533,29,2023-1,completed
203,739,32,2023-1,in_progress
204,707,28,2023-1,in_progress
205,65,21,2023-1,in_progress
206,824,19,2023-1,completed
207,314,41,2023-1,in_progress
208,145,11,2023-1,completed
209,388,19,2023-1,dropped
210,625,31,2023-1,dropped
211,160,5,2023-1,completed
212,621,50,2023-1,dropped
213,868,8,2023-1,dropped
214,158,24,2023-1,completed
215,479,36,2023-1,dropped
216,534,50,2023-1,in_progress
217,827,6,2023-1,completed
218,778,37,2023-1,dropped
219,902,15,2023-1,in_progress
220,756,37,2023-1,completed
221,268,14,2023-1,dropped
222,855,35,2023-1,in_progress
223,458,42,2023-1,completed
224,6,27,2023-1,dropped
225,406,11,2023-1,completed
226,28,14,2023-1,completed
227,184,36,2023-1,in_progress
228,208,37,2023-1,completed
229,804,3,2023-1,in_progress
230,162,13,2023-1,dropped
231,382,31,2023-1,in_progress
232,74,28,2023-1,completed
233,223,17,2023-1,in_progress
234,57,50,2023-1,dropped
235,963,38,2023-1,in_progress
236,356,9,2023-1,dropped
237,133,49,2023-1,dropped
238,989,29,2023-1,dropped
239,784,46,2023-1,completed
240,438,17,2023-1,completed
241,921,19,2023-1,completed
242,508,25,2023-1,in_progress
243,650,28,2023-1,dropped
244,624,47,2023-1,in_progress
245,65,23,2023-1,completed
246,338,1,2023-1,completed
247,783,28,2023-1,dropped
248,603,37,2023-1,completed
249,266,1,2023-1,completed
250,11,36,2023-1,in_progress
251,875,50,2023-1,completed
252,209,18,2023-1,dropped
253,776,22,2023-1,dropped
254,621,5,2023-1,completed
255,139,42,2023-1,completed
256,907,31,2023-1,dropped
257,127,36,2023-1,completed
258,834,19,2023-1,dropped
259,321,37,2023-1,dropped
260,500,14,2023-1,completed
261,871,16,2023-1,completed
262,31,32,2023-1,in_progress
263,271,29,2023-1,in_progress
264,359,40,2023-1,completed
265,875,40,2023-1,dropped
266,325,20,2023-1,in_progress
267,775,46,2023-1,in_progress
268,673,43,2023-1,in_progress
269,219,47,2023-1,in_progress
270,930,3,2023-1,completed
271,605,43,2023-1,completed
272,937,18,2023-1,completed
273,986,32,2023-1,dropped
274,355,3,2023-1,completed
275,896,30,2023-1,dropped
276,374,2,2023-1,dropped
277,68,31,2023-1,dropped
278,531,10,2023-1,in_progress
279,399,38,2023-1,in_progress
280,24,41,2023-1,completed
281,52,32,2023-1,in_progress
282,173,24,2023-1,completed
283,898,46,2023-1,completed
284,696,40,2023-1,in_progress
285,920,14,2023-1,dropped
286,670,23,2023-1,completed
287,692,19,2023-1,in_progress
288,372,47,2023-1,in_progress
289,155,25,2023-1,completed
290,256,47,2023-1,in_progress
291,588,23,2023-1,dropped
292,890,11,2023-1,completed
293,976,37,2023-1,completed
294,361,42,2023-1,completed
295,539,23,2023-1,dropped
296,685,8,2023-1,dropped
297,255,37,2023-1,completed
298,840,24,2023-1,in_progress
299,257,44,2023-1,in_progress
300,506,4,2023-1,completed
301,998,25,2023-1,in_progress
302,609,46,2023-1,dropped
303,397,6,2023-1,in_progress
304,752,13,2023-1,dropped
305,246,34,2023-1,completed
306,402,45,2023-1,in_progress
307,319,40,2023-1,dropped
308,298,33,2023-1,completed
309,265,37,2023-1,completed
310,250,49,2023-1,dropped
311,157,31,2023-1,in_progress
312,327,13,2023-1,completed
313,697,19,2023-1,completed
314,874,9,2023-1,completed
315,451,48,2023-1,completed
316,353,30,2023-1,dropped
317,265,47,2023-1,dropped
318,626,15,2023-1,in_progress
319,259,38,2023-1,in_progress
320,757,28,2023-1,dropped
321,486,21,2023-1,dropped
322,301,25,2023-1,in_progress
323,272,28,2023-1,in_progress
324,613,32,2023-1,dropped
325,49,38,2023-1,in_progress
326,792,43,2023-1,completed
327,45,48,2023-1,dropped
328,854,44,2023-1,completed
329,568,36,2023-1,dropped
330,759,26,2023-1,dropped
331,74,8,2023-1,dropped
332,929,16,2023-1,dropped
333,422,39,2023-1,dropped
334,871,37,2023-1,dropped
335,197,19,2023-1,completed
336,544,28,2023-1,completed
337,632,5,2023-1,completed
338,826,22,2023-1,completed
339,592,33,2023-1,dropped
340,40,11,2023-1,in_progress
341,227,46,2023-1,in_progress
342,433,46,2023-1,dropped
343,179,13,2023-1,dropped
344,86,25,2023-1,dropped
345,653,25,2023-1,in_progress
346,229,48,2023-1,dropped
347,115,39,2023-1,dropped
348,864,16,2023-1,in_progress
349,206,38,2023-1,completed
350,296,20,2023-1,dropped
351,30,50,2023-1,in_progress
352,923,26,2023-1,in_progress
353,635,43,2023-1,in_progress
354,838,14,2023-1,dropped
355,142,13,2023-1,dropped
356,799,38,2023-1,in_progress
357,852,40,2023-1,dropped
358,433,47,2023-1,in_progress
359,192,32,2023-1,dropped
360,188,49,2023-1,completed
361,603,19,2023-1,dropped
362,461,27,2023-1,completed
363,206,28,2023-1,dropped
364,169,32,2023-1,dropped
365,608,43,2023-1,dropped
366,102,26,2023-1,in_progress
367,461,46,2023-1,dropped
368,873,39,2023-1,dropped
369,466,28,2023-1,completed
370,970,22,2023-1,completed
371,670,13,2023-1,in_progress
372,2,39,2023-1,dropped
373,957,40,2023-1,in_progress
374,578,43,2023-1,in_progress
375,618,6,2023-1,in_progress
376,671,26,2023-1,dropped
377,699,6,2023-1,completed
378,381,14,2023-1,completed
379,886,49,2023-1,dropped
380,234,6,2023-1,dropped
381,331,11,2023-1,dropped
382,409,31,2023-1,completed
383,797,15,2023-1,dropped
384,43,18,2023-1,dropped
385,450,37,2023-1,completed
386,377,11,2023-1,in_progress
387,684,29,2023-1,completed
388,569,46,2023-1,completed
389,504,15,2023-1,dropped
390,879,46,2023-1,completed
391,782,25,2023-1,in_progress
392,165,18,2023-1,completed
393,242,47,2023-1,in_progress
394,585,32,2023-1,dropped
395,73,4,2023-1,dropped
396,283,4,2023-1,in_progress
397,616,31,2023-1,dropped
398,891,18,2023-1,dropped
399,741,28,2023-1,dropped
400,718,34,2023-1,in_progress
401,328,9,2023-1,dropped
402,426,33,2023-1,completed
403,765,11,2023-1,completed
404,178,7,2023-1,in_progress
405,586,43,2023-1,completed
406,294,39,2023-1,completed
407,749,23,2023-1,in_progress
408,964,44,2023-1,completed
409,796,20,2023-1,in_progress
410,332,37,2023-1,in_progress
411,534,50,2023-1,in_progress
412,525,34,2023-1,completed
413,80,19,2023-1,dropped
414,516,7,2023-1,dropped
415,84,31,2023-1,dropped
416,192,1,2023-1,dropped
417,225,25,2023-1,completed
418,522,4,2023-1,completed
419,908,13,2023-1,in_progress
420,677,15,2023-1,in_progress
421,849,49,2023-1,completed
422,945,39,2023-1,in_progress
423,718,8,2023-1,dropped
424,849,8,2023-1,dropped
425,504,49,2023-1,in_progress
426,382,34,2023-1,completed
427,871,24,2023-1,completed
428,873,29,2023-1,dropped
429,578,3,2023-1,dropped
430,970,50,2023-1,completed
431,173,2,2023-1,completed
432,214,41,2023-1,dropped
433,320,25,2023-1,dropped
434,490,49,2023-1,completed
435,628,8,2023-1,dropped
436,561,41,2023-1,in_progress
437,318,25,2023-1,dropped
438,162,30,2023-1,completed
439,923,19,2023-1,in_progress
440,941,37,2023-1,dropped
441,253,18,2023-1,dropped
442,32,21,2023-1,in_progress
443,719,2,2023-1,in_progress
444,337,12,2023-1,dropped
445,986,50,2023-1,in_progress
446,824,18,2023-1,completed
447,786,35,2023-1,in_progress
448,862,46,2023-1,in_progress
449,370,22,2023-1,in_progress
450,162,40,2023-1,in_progress
451,867,11,2023-1,dropped
452,853,7,2023-1,in_progress
453,614,33,2023-1,dropped
454,294,48,2023-1,dropped
455,863,49,2023-1,in_progress
456,161,23,2023-1,in_progress
457,526,15,2023-1,dropped
458,76,48,2023-1,completed
459,6,27,2023-1,in_progress
460,585,41,2023-1,dropped
461,860,25,2023-1,completed
462,843,35,2023-1,in_progress
463,451,3,2023-1,dropped
464,777,35,2023-1,completed
465,305,47,2023-1,in_progress
466,414,21,2023-1,in_progress
467,68,27,2023-1,dropped
468,254,28,2023-1,completed
469,503,3,2023-1,in_progress
470,75,23,2023-1,in_progress
471,468,6,2023-1,dropped
472,630,13,2023-1,dropped
473,619,16,2023-1,completed
474,511,29,2023-1,dropped
475,126,15,2023-1,dropped
476,883,6,2023-1,dropped
477,753,11,2023-1,dropped
478,996,34,2023-1,completed
479,690,38,2023-1,in_progress
480,820,6,2023-1,dropped
481,392,6,2023-1,completed
482,833,4,2023-1,completed
483,561,6,2023-1,in_progress
484,682,21,2023-1,in_progress
485,676,9,2023-1,dropped
486,418,23,2023-1,dropped
487,564,48,2023-1,in_progress
488,294,45,2023-1,dropped
489,741,23,2023-1,in_progress
490,784,19,2023-1,in_progress
491,201,34,2023-1,in_progress
492,984,39,2023-1,dropped
493,849,28,2023-1,in_progress
494,172,42,2023-1,completed
495,966,14,2023-1,in_progress
496,310,44,2023-1,in_progress
497,746,40,2023-1,dropped
498,676,17,2023-1,dropped
499,981,36,2023-1,dropped
500,592,50,2023-1,in_progress
501,714,47,2023-1,completed
502,167,49,2023-1,in_progress
503,519,2,2023-1,in_progress
504,974,16,2023-1,dropped
505,920,14,2023-1,in_progress
506,657,42,2023-1,completed
507,276,18,2023-1,dropped
508,566,30,2023-1,dropped
509,517,3,2023-1,completed
510,87,21,2023-1,in_progress
511,976,16,2023-1,in_progress
512,459,28,2023-1,dropped
513,434,26,2023-1,dropped
514,862,12,2023-1,in_progress
515,812,24,2023-1,completed
516,734,36,2023-1,dropped
517,882,48,2023-1,dropped
518,684,15,2023-1,in_progress
519,952,16,2023-1,dropped
520,981,44,2023-1,in_progress
521,372,29,2023-1,dropped
522,121,44,2023-1,completed
523,497,10,2023-1,dropped
524,212,8,2023-1,dropped
525,387,26,2023-1,dropped
526,681,27,2023-1,dropped
527,56,20,2023-1,dropped
528,7,14,2023-1,completed
529,976,10,2023-1,in_progress
530,760,16,2023-1,completed
531,937,25,2023-1,completed
532,701,8,2023-1,dropped
533,672,49,2023-1,completed
534,136,2,2023-1,in_progress
535,136,18,2023-1,in_progress
536,823,20,2023-1,in_progress
537,172,47,2023-1,in_progress
538,825,4,2023-1,completed
539,427,37,2023-1,dropped
540,573,8,2023-1,completed
541,280,21,2023-1,completed
542,515,47,2023-1,in_progress
543,231,43,2023-1,completed
544,841,28,2023-1,in_progress
545,977,49,2023-1,completed
546,886,12,2023-1,completed
547,380,50,2023-1,dropped
548,613,48,2023-1,dropped
549,261,11,2023-1,dropped
550,466,22,2023-1,completed
551,314,35,2023-1,dropped
552,477,33,2023-1,dropped
553,778,39,2023-1,in_progress
554,932,1,2023-1,in_progress
555,838,7,2023-1,completed
556,130,11,2023-1,completed
557,753,21,2023-1,dropped
558,747,31,2023-1,completed
559,98,25,2023-1,completed
560,336,35,2023-1,dropped
561,70,39,2023-1,completed
562,511,13,2023-1,completed
563,248,7,2023-1,dropped
564,853,25,2023-1,completed
565,290,25,2023-1,dropped
566,652,34,2023-1,in_progress
567,740,50,2023-1,in_progress
568,552,22,2023-1,in_progress
569,204,40,2023-1,in_progress
570,302,27,2023-1,dropped
571,130,20,2023-1,completed
572,408,41,2023-1,dropped
573,923,7,2023-1,in_progress
574,894,45,2023-1,completed
575,222,45,2023-1,in_progress
576,244,18,2023-1,dropped
577,258,36,2023-1,in_progress
578,469,49,2023-1,in_progress
579,193,38,2023-1,in_progress
580,349,47,2023-1,in_progress
581,605,15,2023-1,dropped
582,379,49,2023-1,completed
583,570,23,2023-1,dropped
584,464,47,2023-1,dropped
585,109,19,2023-1,dropped
586,930,33,2023-1,completed
587,699,29,2023-1,dropped
588,684,35,2023-1,dropped
589,470,30,2023-1,in_progress
590,741,42,2023-1,in_progress
591,802,18,2023-1,completed
592,228,16,2023-1,in_progress
593,69,12,2023-1,dropped
594,72,48,2023-1,completed
595,157,6,2023-1,dropped
596,444,8,2023-1,in_progress
597,136,47,2023-1,completed
598,931,13,2023-1,dropped
599,166,12,2023-1,in_progress
600,21,21,2023-1,in_progress
601,677,32,2023-1,dropped
602,568,28,2023-1,dropped
603,158,21,2023-1,dropped
604,873,20,2023-1,completed
605,510,17,2023-1,dropped
606,592,29,2023-1,completed
607,23,38,2023-1,in_progress
608,63,12,2023-1,completed
609,56,39,2023-1,completed
610,819,22,2023-1,in_progress
611,528,10,2023-1,completed
612,622,25,2023-1,in_progress
613,226,50,2023-1,completed
614,758,14,2023-1,completed
615,191,48,2023-1,in_progress
616,925,17,2023-1,completed
617,295,41,2023-1,dropped
618,929,37,2023-1,in_progress
619,62,7,2023-1,in_progress
620,412,26,2023-1,dropped
621,868,23,2023-1,completed
622,785,45,2023-1,dropped
623,829,28,2023-1,in_progress
624,38,38,2023-1,dropped
625,955,48,2023-1,dropped
626,92,24,2023-1,in_progress
627,289,5,2023-1,in_progress
628,542,32,2023-1,in_progress
629,158,34,2023-1,completed
630,537,24,2023-1,dropped
631,293,15,2023-1,dropped
632,46,50,2023-1,completed
633,285,30,2023-1,dropped
634,628,22,2023-1,in_progress
635,974,48,2023-1,dropped
636,725,12,2023-1,in_progress
637,917,14,2023-1,in_progress
638,778,44,2023-1,in_progress
639,476,45,2023-1,completed
640,899,27,2023-1,completed
641,88,4,2023-1,completed
642,211,38,2023-1,completed
643,771,3,2023-1,completed
644,45,47,2023-1,in_progress
645,521,35,2023-1,completed
646,129,4,2023-1,dropped
647,684,35,2023-1,completed
648,681,20,2023-1,dropped
649,641,18,2023-1,dropped
650,473,43,2023-1,completed
651,485,39,2023-1,in_progress
652,120,38,2023-1,completed
653,101,29,2023-1,completed
654,676,38,2023-1,dropped
655,910,20,2023-1,dropped
656,671,10,2023-1,completed
657,846,38,2023-1,dropped
658,971,47,2023-1,completed
659,394,36,2023-1,completed
660,989,7,2023-1,dropped
661,884,36,2023-1,in_progress
662,163,46,2023-1,completed
663,437,39,2023-1,completed
664,947,31,2023-1,in_progress
665,630,34,2023-1,completed
666,775,39,2023-1,completed
667,416,28,2023-1,in_progress
668,77,7,2023-1,in_progress
669,951,34,2023-1,in_progress
670,274,10,2023-1,in_progress
671,192,49,2023-1,in_progress
672,628,36,2023-1,dropped
673,852,7,2023-1,completed
674,954,8,2023-1,completed
675,699,50,2023-1,in_progress
676,164,29,2023-1,completed
677,960,24,2023-1,completed
678,111,24,2023-1,in_progress
679,715,26,2023-1,in_progress
680,57,30,2023-1,dropped
681,531,21,2023-1,completed
682,646,49,2023-1,in_progress
683,253,9,2023-1,in_progress
684,654,10,2023-1,in_progress
685,570,28,2023-1,dropped
686,121,1,2023-1,in_progress
687,726,11,2023-1,dropped
688,207,9,2023-1,completed
689,769,37,2023-1,dropped
690,490,40,2023-1,completed
691,768,46,2023-1,in_progress
692,57,44,2023-1,dropped
693,139,21,2023-1,in_progress
694,130,50,2023-1,in_progress
695,692,44,2023-1,dropped
696,776,3,2023-1,completed
697,295,43,2023-1,in_progress
698,352,31,2023-1,dropped
699,899,30,2023-1,in_progress
700,307,21,2023-1,in_progress
701,267,31,2023-1,in_progress
702,439,4,2023-1,in_progress
703,138,17,2023-1,completed
704,422,12,2023-1,completed
705,286,5,2023-1,in_progress
706,915,5,2023-1,completed
707,185,44,2023-1,completed
708,606,6,2023-1,dropped
709,943,42,2023-1,in_progress
710,992,45,2023-1,completed
711,22,47,2023-1,completed
712,825,39,2023-1,dropped
713,531,43,2023-1,in_progress
714,171,31,2023-1,completed
715,663,13,2023-1,completed
716,13,18,2023-1,completed
717,986,13,2023-1,completed
718,35,33,2023-1,dropped
719,446,50,2023-1,dropped
720,443,45,2023-1,completed
721,940,49,2023-1,dropped
722,373,15,2023-1,dropped
723,206,6,2023-1,dropped
724,518,10,2023-1,in_progress
725,788,14,2023-1,dropped
726,667,25,2023-1,in_progress
727,508,49,2023-1,in_progress
728,395,6,2023-1,completed
729,543,28,2023-1,in_progress
730,301,36,2023-1,dropped
731,375,29,2023-1,in_progress
732,287,47,2023-1,dropped
733,810,29,2023-1,in_progress
734,114,10,2023-1,dropped
735,511,29,2023-1,in_progress
736,893,9,2023-1,completed
737,992,38,2023-1,in_progress
738,205,13,2023-1,dropped
739,698,38,2023-1,in_progress
740,101,31,2023-1,dropped
741,196,48,2023-1,dropped
742,237,12,2023-1,dropped
743,234,14,2023-1,completed
744,349,42,2023-1,completed
745,772,12,2023-1,dropped
746,62,18,2023-1,in_progress
747,136,33,2023-1,in_progress
748,189,35,2023-1,in_progress
749,590,14,2023-1,in_progress
750,611,15,2023-1,dropped
751,449,25,2023-1,dropped
752,269,25,2023-1,dropped
753,553,9,2023-1,dropped
754,514,9,2023-1,in_progress
755,179,24,2023-1,completed
756,936,32,2023-1,in_progress
757,922,46,2023-1,in_progress
758,969,27,2023-1,completed
759,759,50,2023-1,in_progress
760,676,30,2023-1,completed
761,543,25,2023-1,dropped
762,752,7,2023-1,dropped
763,944,5,2023-1,completed
764,53,11,2023-1,completed
765,189,29,2023-1,dropped
766,677,35,2023-1,dropped
767,472,26,2023-1,dropped
768,593,14,2023-1,in_progress
769,831,47,2023-1,in_progress
770,431,22,2023-1,dropped
771,232,30,2023-1,dropped
772,469,19,2023-1,dropped
773,1,7,2023-1,completed
774,393,19,2023-1,in_progress
775,171,15,2023-1,dropped
776,710,50,2023-1,dropped
777,113,44,2023-1,in_progress
778,979,20,2023-1,completed
779,387,21,2023-1,completed
780,594,3,2023-1,in_progress
781,941,41,2023-1,in_progress
782,296,9,2023-1,completed
783,794,27,2023-1,dropped
784,804,3,2023-1,in_progress
785,531,11,2023-1,dropped
786,885,31,2023-1,dropped
787,319,14,2023-1,dropped
788,750,25,2023-1,dropped
789,189,38,2023-1,dropped
790,959,16,2023-1,dropped
791,398,17,2023-1,completed
792,809,32,2023-1,in_progress
793,619,39,2023-1,completed
794,264,20,2023-1,completed
795,489,49,2023-1,dropped
796,985,46,2023-1,completed
797,206,5,2023-1,in_progress
798,666,19,2023-1,in_progress
799,137,16,2023-1,dropped
800,229,46,2023-1,dropped
801,151,6,2023-1,dropped
802,43,34,2023-1,dropped
803,913,35,2023-1,in_progress
804,105,41,2023-1,dropped
805,48,32,2023-1,dropped
806,8,8,2023-1,completed
807,426,11,2023-1,in_progress
808,925,39,2023-1,dropped
809,297,5,2023-1,completed
810,109,14,2023-1,completed
811,908,29,2023-1,completed
812,832,3,2023-1,in_progress
813,339,42,2023-1,dropped
814,863,48,2023-1,dropped
815,648,32,2023-1,dropped
816,262,23,2023-1,in_progress
817,139,11,2023-1,dropped
818,365,39,2023-1,dropped
819,836,31,2023-1,in_progress
820,976,24,2023-1,in_progress
821,81,16,2023-1,dropped
822,247,26,2023-1,completed
823,654,34,2023-1,dropped
824,667,9,2023-1,completed
825,650,7,2023-1,completed
826,595,14,2023-1,in_progress
827,856,23,2023-1,completed
828,659,10,2023-1,dropped
829,668,18,2023-1,in_progress
830,566,41,2023-1,in_progress
831,373,13,2023-1,dropped
832,612,41,2023-1,dropped
833,647,20,2023-1,in_progress
834,871,10,2023-1,in_progress
835,580,33,2023-1,dropped
836,267,40,2023-1,dropped
837,280,13,2023-1,completed
838,759,1,2023-1,completed
839,412,37,2023-1,dropped
840,338,7,2023-1,dropped
841,340,8,2023-1,in_progress
842,918,12,2023-1,in_progress
843,521,1,2023-1,dropped
844,816,48,2023-1,in_progress
845,858,6,2023-1,in_progress
846,428,22,2023-1,dropped
847,936,34,2023-1,dropped
848,145,26,2023-1,completed
849,992,12,2023-1,dropped
850,287,46,2023-1,in_progress
851,434,9,2023-1,dropped
852,818,5,2023-1,dropped
853,627,9,2023-1,dropped
854,607,7,2023-1,completed
855,967,14,2023-1,in_progress
856,675,16,2023-1,dropped
857,329,30,2023-1,completed
858,973,49,2023-1,completed
859,491,38,2023-1,in_progress
860,573,29,2023-1,dropped
861,763,40,2023-1,dropped
862,916,36,2023-1,dropped
863,111,33,2023-1,in_progress
864,713,31,2023-1,in_progress
865,252,25,2023-1,dropped
866,375,1,2023-1,in_progress
867,585,47,2023-1,dropped
868,130,34,2023-1,in_progress
869,684,12,2023-1,in_progress
870,615,47,2023-1,in_progress
871,643,9,2023-1,dropped
872,818,8,2023-1,dropped
873,2,6,2023-1,in_progress
874,783,19,2023-1,dropped
875,779,47,2023-1,dropped
876,746,50,2023-1,completed
877,105,27,2023-1,in_progress
878,869,44,2023-1,in_progress
879,955,24,2023-1,dropped
880,145,32,2023-1,in_progress
881,789,34,2023-1,in_progress
882,49,3,2023-1,in_progress
883,151,5,2023-1,in_progress
884,910,34,2023-1,completed
885,849,7,2023-1,completed
886,94,27,2023-1,in_progress
887,829,11,2023-1,completed
888,746,11,2023-1,dropped
889,33,35,2023-1,dropped
890,432,6,2023-1,in_progress
891,604,32,2023-1,completed
892,491,26,2023-1,completed
893,647,46,2023-1,completed
894,110,19,2023-1,dropped
895,177,33,2023-1,in_progress
896,545,2,2023-1,dropped
897,171,10,2023-1,in_progress
898,402,33,2023-1,in_progress
899,280,33,2023-1,in_progress
900,625,8,2023-1,dropped
901,886,27,2023-1,completed
902,400,14,2023-1,in_progress
903,693,23,2023-1,completed
904,89,3,2023-1,completed
905,222,1,2023-1,in_progress
906,338,31,2023-1,dropped
907,95,35,2023-1,in_progress
908,549,1,2023-1,dropped
909,79,25,2023-1,dropped
910,739,3,2023-1,in_progress
911,842,10,2023-1,in_progress
912,414,6,2023-1,in_progress
913,974,3,2023-1,in_progress
914,196,10,2023-1,completed
915,365,33,2023-1,completed
916,455,43,2023-1,dropped
917,856,5,2023-1,in_progress
918,862,5,2023-1,dropped
919,706,7,2023-1,dropped
920,456,11,2023-1,completed
921,19,37,2023-1,dropped
922,959,37,2023-1,in_progress
923,79,34,2023-1,in_progress
924,858,44,2023-1,in_progress
925,414,23,2023-1,in_progress
926,519,5,2023-1,dropped
927,878,40,2023-1,in_progress
928,23,36,2023-1,dropped
929,186,33,2023-1,completed
930,951,19,2023-1,in_progress
931,152,48,2023-1,completed
932,271,49,2023-1,completed
933,338,6,2023-1,completed
934,618,10,2023-1,completed
935,833,30,2023-1,dropped
936,129,25,2023-1,dropped
937,870,48,2023-1,completed
938,683,34,2023-1,completed
939,257,22,2023-1,completed
940,232,35,2023-1,completed
941,68,36,2023-1,completed
942,239,2,2023-1,completed
943,33,5,2023-1,dropped
944,678,39,2023-1,completed
945,559,43,2023-1,dropped
946,908,2,2023-1,in_progress
947,957,41,2023-1,dropped
948,252,15,2023-1,in_progress
949,930,9,2023-1,completed
950,786,7,2023-1,in_progress
951,584,15,2023-1,in_progress
952,196,1,2023-1,completed
953,211,9,2023-1,completed
954,267,21,2023-1,completed
955,861,28,2023-1,dropped
956,281,33,2023-1,completed
957,981,41,2023-1,completed
958,821,24,2023-1,dropped
959,982,23,2023-1,dropped
960,121,8,2023-1,dropped
961,664,32,2023-1,in_progress
962,919,29,2023-1,in_progress
963,526,19,2023-1,dropped
964,466,26,2023-1,dropped
965,655,47,2023-1,dropped
966,84,11,2023-1,in_progress
967,700,13,2023-1,in_progress
968,270,30,2023-1,in_progress
969,975,14,2023-1,dropped
970,606,26,2023-1,completed
971,704,45,2023-1,completed
972,275,30,2023-1,in_progress
973,743,30,2023-1,completed
974,902,15,2023-1,dropped
975,797,41,2023-1,dropped
976,314,14,2023-1,dropped
977,516,32,2023-1,in_progress
978,863,22,2023-1,dropped
979,182,43,2023-1,in_progress
980,225,11,2023-1,completed
981,413,18,2023-1,in_progress
982,246,4,2023-1,in_progress
983,829,32,2023-1,completed
984,908,3,2023-1,completed
985,290,46,2023-1,completed
986,883,39,2023-1,in_progress
987,798,3,2023-1,in_progress
988,717,40,2023-1,dropped
989,915,33,2023-1,completed
990,528,41,2023-1,dropped
991,703,19,2023-1,dropped
992,297,10,2023-1,dropped
993,979,43,2023-1,completed
994,219,50,2023-1,completed
995,634,33,2023-1,dropped
996,390,31,2023-1,in_progress
997,347,37,2023-1,dropped
998,513,2,2023-1,dropped
999,928,31,2023-1,dropped
1000,661,42,2023-1,dropped
1001,79,48,2023-1,dropped
1002,826,36,2023-1,in_progress
1003,634,45,2023-1,completed
1004,721,30,2023-1,dropped
1005,639,41,2023-1,dropped
1006,32,34,2023-1,completed
1007,89,29,2023-1,dropped
1008,862,2,2023-1,dropped
1009,125,49,2023-1,completed
1010,671,30,2023-1,completed
1011,473,1,2023-1,dropped
1012,565,22,2023-1,dropped
1013,101,23,2023-1,in_progress
1014,299,30,2023-1,completed
1015,764,37,2023-1,completed
1016,553,30,2023-1,dropped
1017,322,7,2023-1,completed
1018,653,12,2023-1,in_progress
1019,496,4,2023-1,completed
1020,717,22,2023-1,in_progress
1021,221,46,2023-1,dropped
1022,989,30,2023-1,dropped
1023,83,42,2023-1,in_progress
1024,623,31,2023-1,completed
1025,736,4,2023-1,in_progress
1026,572,32,2023-1,in_progress
1027,914,2,2023-1,dropped
1028,233,24,2023-1,completed
1029,1,20,2023-1,in_progress
1030,763,5,2023-1,completed
1031,490,19,2023-1,completed
1032,848,35,2023-1,dropped
1033,911,27,2023-1,completed
1034,418,17,2023-1,dropped
1035,17,33,2023-1,in_progress
1036,73,45,2023-1,completed
1037,185,38,2023-1,completed
1038,557,22,2023-1,in_progress
1039,706,36,2023-1,dropped
1040,643,48,2023-1,in_progress
1041,36,48,2023-1,completed
1042,863,19,2023-1,in_progress
1043,698,27,2023-1,in_progress
1044,77,20,2023-1,completed
1045,185,20,2023-1,dropped
1046,142,19,2023-1,completed
1047,282,36,2023-1,dropped
1048,622,35,2023-1,completed
1049,367,35,2023-1,completed
1050,385,35,2023-1,dropped
1051,263,16,2023-1,dropped
1052,657,5,2023-1,in_progress
1053,592,50,2023-1,in_progress
1054,919,19,2023-1,in_progress
1055,860,42,2023-1,dropped
1056,339,14,2023-1,in_progress
1057,60,16,2023-1,in_progress
1058,432,2,2023-1,dropped
1059,474,4,2023-1,in_progress
1060,838,50,2023-1,in_progress
1061,700,3,2023-1,dropped
1062,52,46,2023-1,completed
1063,196,3,2023-1,in_progress
1064,211,39,2023-1,completed
1065,128,8,2023-1,completed
1066,765,4,2023-1,completed
1067,179,12,2023-1,in_progress
1068,313,2,2023-1,completed
1069,557,24,2023-1,dropped
1070,762,1,2023-1,dropped
1071,778,1,2023-1,completed
1072,430,24,2023-1,in_progress
1073,189,46,2023-1,completed
1074,445,19,2023-1,dropped
1075,376,48,2023-1,in_progress
1076,582,30,2023-1,dropped
1077,237,24,2023-1,in_progress
1078,477,6,2023-1,in_progress
1079,530,27,2023-1,dropped
1080,179,44,2023-1,completed
1081,903,32,2023-1,in_progress
1082,737,40,2023-1,dropped
1083,405,1,2023-1,dropped
1084,316,13,2023-1,dropped
1085,124,5,2023-1,dropped
1086,303,25,2023-1,completed
1087,538,7,2023-1,in_progress
1088,227,20,2023-1,in_progress
1089,887,45,2023-1,in_progress
1090,418,9,2023-1,dropped
1091,696,33,2023-1,in_progress
1092,606,21,2023-1,completed
1093,827,41,2023-1,dropped
1094,11,44,2023-1,completed
1095,366,41,2023-1,completed
1096,369,40,2023-1,in_progress
1097,779,9,2023-1,in_progress
1098,703,22,2023-1,in_progress
1099,93,11,2023-1,dropped
1100,714,20,2023-1,in_progress
1101,555,22,2023-1,dropped
1102,905,4,2023-1,dropped
1103,982,29,2023-1,completed
1104,239,19,2023-1,dropped
1105,486,24,2023-1,completed
1106,869,20,2023-1,dropped
1107,361,39,2023-1,in_progress
1108,497,50,2023-1,completed
1109,771,45,2023-1,dropped
1110,485,8,2023-1,completed
1111,662,8,2023-1,dropped
1112,663,22,2023-1,in_progress
1113,535,2,2023-1,completed
1114,106,19,2023-1,dropped
1115,65,23,2023-1,completed
1116,544,37,2023-1,in_progress
1117,210,47,2023-1,in_progress
1118,106,4,2023-1,completed
1119,302,30,2023-1,dropped
1120,446,6,2023-1,completed
1121,119,16,2023-1,completed
1122,889,49,2023-1,completed
1123,678,24,2023-1,dropped
1124,422,40,2023-1,completed
1125,30,23,2023-1,in_progress
1126,140,42,2023-1,dropped
1127,396,46,2023-1,completed
1128,293,44,2023-1,dropped
1129,182,50,2023-1,in_progress
1130,894,50,2023-1,completed
1131,41,24,2023-1,in_progress
1132,992,26,2023-1,in_progress
1133,782,41,2023-1,completed
1134,966,28,2023-1,completed
1135,433,32,2023-1,completed
1136,836,20,2023-1,completed
1137,405,32,2023-1,completed
1138,549,17,2023-1,dropped
1139,515,25,2023-1,completed
1140,398,38,2023-1,completed
1141,429,48,2023-1,completed
1142,830,29,2023-1,in_progress
1143,760,5,2023-1,completed
1144,687,31,2023-1,in_progress
1145,919,33,2023-1,in_progress
1146,589,15,2023-1,in_progress
1147,668,14,2023-1,dropped
1148,371,6,2023-1,dropped
1149,701,23,2023-1,dropped
1150,515,36,2023-1,in_progress
1151,760,34,2023-1,completed
1152,967,42,2023-1,dropped
1153,377,13,2023-1,completed
1154,558,13,2023-1,in_progress
1155,294,22,2023-1,in_progress
1156,702,17,2023-1,completed
1157,283,35,2023-1,in_progress
1158,330,1,2023-1,completed
1159,465,38,2023-1,in_progress
1160,55,12,2023-1,in_progress
1161,430,7,2023-1,completed
1162,463,34,2023-1,dropped
1163,316,45,2023-1,in_progress
1164,499,18,2023-1,in_progress
1165,546,31,2023-1,completed
1166,888,1,2023-1,dropped
1167,853,33,2023-1,in_progress
1168,191,17,2023-1,completed
1169,679,39,2023-1,dropped
1170,903,44,2023-1,in_progress
1171,713,6,2023-1,dropped
1172,933,13,2023-1,dropped
1173,513,22,2023-1,completed
1174,507,37,2023-1,dropped
1175,667,12,2023-1,completed
1176,355,24,2023-1,completed
1177,902,24,2023-1,in_progress
1178,993,25,2023-1,dropped
1179,154,15,2023-1,in_progress
1180,704,17,2023-1,completed
1181,947,39,2023-1,completed
1182,131,20,2023-1,dropped
1183,171,25,2023-1,dropped
1184,846,20,2023-1,in_progress
1185,249,4,2023-1,dropped
1186,620,23,2023-1,dropped
1187,869,11,2023-1,dropped
1188,779,18,2023-1,completed
1189,318,7,2023-1,dropped
1190,200,38,2023-1,completed
1191,171,12,2023-1,completed
1192,980,28,2023-1,completed
1193,856,1,2023-1,dropped
1194,18,33,2023-1,dropped
1195,906,49,2023-1,dropped
1196,302,1,2023-1,dropped
1197,205,22,2023-1,completed
1198,652,36,2023-1,in_progress
1199,592,50,2023-1,completed
1200,646,29,2023-1,in_progress
1201,415,2,2023-1,dropped
1202,640,28,2023-1,in_progress
1203,730,46,2023-1,completed
1204,543,24,2023-1,completed
1205,98,47,2023-1,in_progress
1206,915,43,2023-1,completed
1207,357,36,2023-1,completed
1208,557,32,2023-1,in_progress
1209,905,41,2023-1,dropped
1210,336,9,2023-1,dropped
1211,466,34,2023-1,completed
1212,740,18,2023-1,in_progress
1213,722,44,2023-1,in_progress
1214,674,14,2023-1,completed
1215,950,10,2023-1,dropped
1216,577,18,2023-1,completed
1217,707,40,2023-1,dropped
1218,925,4,2023-1,completed
1219,86,10,2023-1,completed
1220,433,21,2023-1,dropped
1221,769,15,2023-1,in_progress
1222,983,6,2023-1,completed
1223,139,25,2023-1,dropped
1224,257,35,2023-1,in_progress
1225,173,5,2023-1,dropped
1226,848,13,2023-1,in_progress
1227,702,24,2023-1,in_progress
1228,172,11,2023-1,dropped
1229,567,3,2023-1,in_progress
1230,39,3,2023-1,in_progress
1231,93,29,2023-1,in_progress
1232,852,38,2023-1,in_progress
1233,654,16,2023-1,in_progress
1234,9,49,2023-1,completed
1235,812,4,2023-1,dropped
1236,540,25,2023-1,dropped
1237,375,11,2023-1,completed
1238,949,43,2023-1,dropped
1239,344,23,2023-1,completed
1240,912,5,2023-1,completed
1241,95,22,2023-1,completed
1242,913,16,2023-1,dropped
1243,862,43,2023-1,completed
1244,888,22,2023-1,dropped
1245,962,8,2023-1,completed
1246,33,4,2023-1,completed
1247,969,3,2023-1,in_progress
1248,307,29,2023-1,in_progress
1249,439,44,2023-1,completed
1250,244,8,2023-1,completed
1251,757,25,2023-1,in_progress
1252,736,15,2023-1,completed
1253,419,31,2023-1,dropped
1254,130,5,2023-1,in_progress
1255,436,5,2023-1,dropped
1256,13,12,2023-1,dropped
1257,600,41,2023-1,dropped
1258,567,49,2023-1,completed
1259,998,45,2023-1,in_progress
1260,965,38,2023-1,completed
1261,309,13,2023-1,completed
1262,316,20,2023-1,in_progress
1263,16,24,2023-1,dropped
1264,753,46,2023-1,dropped
1265,644,22,2023-1,in_progress
1266,540,28,2023-1,completed
1267,456,46,2023-1,in_progress
1268,854,42,2023-1,in_progress
1269,521,23,2023-1,completed
1270,231,24,2023-1,completed
1271,673,14,2023-1,in_progress
1272,583,1,2023-1,dropped
1273,46,45,2023-1,completed
1274,241,19,2023-1,dropped
1275,224,17,2023-1,completed
1276,222,44,2023-1,completed
1277,214,24,2023-1,dropped
1278,845,25,2023-1,in_progress
1279,610,23,2023-1,in_progress
1280,385,49,2023-1,completed
1281,7,46,2023-1,completed
1282,554,19,2023-1,in_progress
1283,379,9,2023-1,completed
1284,831,18,2023-1,in_progress
1285,721,24,2023-1,in_progress
1286,816,22,2023-1,dropped
1287,233,25,2023-1,in_progress
1288,441,48,2023-1,completed
1289,491,20,2023-1,in_progress
1290,569,30,2023-1,dropped
1291,895,40,2023-1,completed
1292,356,41,2023-1,dropped
1293,437,14,2023-1,dropped
1294,42,16,2023-1,completed
1295,39,48,2023-1,dropped
1296,426,20,2023-1,dropped
1297,642,5,2023-1,dropped
1298,703,26,2023-1,dropped
1299,500,1,2023-1,completed
1300,624,4,2023-1,in_progress
1301,61,18,2023-1,completed
1302,702,33,2023-1,dropped
1303,95,29,2023-1,in_progress
1304,644,20,2023-1,dropped
1305,973,40,2023-1,in_progress
1306,950,18,2023-1,completed
1307,171,39,2023-1,in_progress
1308,25,9,2023-1,in_progress
1309,599,16,2023-1,dropped
1310,292,42,2023-1,dropped
1311,728,49,2023-1,in_progress
1312,478,29,2023-1,completed
1313,241,48,2023-1,in_progress
1314,863,9,2023-1,in_progress
1315,979,38,2023-1,completed
1316,717,31,2023-1,dropped
1317,532,30,2023-1,in_progress
1318,686,2,2023-1,in_progress
1319,259,35,2023-1,in_progress
1320,489,19,2023-1,completed
1321,958,20,2023-1,completed
1322,924,39,2023-1,in_progress
1323,69,16,2023-1,in_progress
1324,688,29,2023-1,completed
1325,490,36,2023-1,in_progress
1326,629,22,2023-1,completed
1327,683,2,2023-1,completed
1328,342,49,2023-1,completed
1329,795,17,2023-1,dropped
1330,78,11,2023-1,completed
1331,74,13,2023-1,dropped
1332,500,45,2023-1,dropped
1333,411,32,2023-1,completed
1334,154,42,2023-1,in_progress
1335,722,42,2023-1,in_progress
1336,894,27,2023-1,in_progress
1337,758,43,2023-1,completed
1338,960,24,2023-1,in_progress
1339,332,13,2023-1,dropped
1340,833,24,2023-1,dropped
1341,663,12,2023-1,in_progress
1342,178,19,2023-1,completed
1343,603,34,2023-1,dropped
1344,324,50,2023-1,dropped
1345,974,2,2023-1,in_progress
1346,610,2,2023-1,in_progress
1347,59,1,2023-1,dropped
1348,712,33,2023-1,dropped
1349,314,11,2023-1,completed
1350,588,21,2023-1,completed
1351,56,33,2023-1,dropped
1352,280,34,2023-1,in_progress
1353,43,39,2023-1,completed
1354,61,29,2023-1,in_progress
1355,448,6,2023-1,completed
1356,996,4,2023-1,dropped
1357,581,7,2023-1,dropped
1358,670,22,2023-1,dropped
1359,52,34,2023-1,in_progress
1360,598,2,2023-1,dropped
1361,840,27,2023-1,in_progress
1362,209,27,2023-1,completed
1363,96,34,2023-1,in_progress
1364,130,1,2023-1,in_progress
1365,839,25,2023-1,dropped
1366,301,7,2023-1,in_progress
1367,743,41,2023-1,dropped
1368,366,18,2023-1,completed
1369,181,5,2023-1,in_progress
1370,241,50,2023-1,in_progress
1371,300,48,2023-1,dropped
1372,446,26,2023-1,dropped
1373,213,2,2023-1,dropped
1374,422,35,2023-1,in_progress
1375,94,12,2023-1,dropped
1376,92,40,2023-1,dropped
1377,83,23,2023-1,dropped
1378,297,13,2023-1,in_progress
1379,195,23,2023-1,dropped
1380,474,21,2023-1,completed
1381,399,42,2023-1,dropped
1382,555,14,2023-1,completed
1383,198,36,2023-1,dropped
1384,155,47,2023-1,dropped
1385,517,39,2023-1,completed
1386,256,23,2023-1,dropped
1387,969,32,2023-1,dropped
1388,532,1,2023-1,in_progress
1389,412,9,2023-1,completed
1390,269,4,2023-1,completed
1391,633,28,2023-1,in_progress
1392,247,29,2023-1,completed
1393,571,20,2023-1,completed
1394,685,15,2023-1,dropped
1395,215,43,2023-1,in_progress
1396,502,40,2023-1,completed
1397,501,21,2023-1,in_progress
1398,953,26,2023-1,in_progress
1399,760,40,2023-1,dropped
1400,8,16,2023-1,in_progress
1401,523,45,2023-1,dropped
1402,769,24,2023-1,completed
1403,883,26,2023-1,in_progress
1404,165,9,2023-1,dropped
1405,491,32,2023-1,dropped
1406,39,42,2023-1,completed
1407,608,27,2023-1,in_progress
1408,410,27,2023-1,completed
1409,217,37,2023-1,dropped
1410,449,43,2023-1,dropped
1411,163,35,2023-1,completed
1412,566,44,2023-1,in_progress
1413,544,49,2023-1,dropped
1414,341,1,2023-1,completed
1415,988,2,2023-1,in_progress
1416,200,32,2023-1,dropped
1417,662,40,2023-1,completed
1418,48,33,2023-1,dropped
1419,521,20,2023-1,in_progress
1420,757,28,2023-1,in_progress
1421,392,40,2023-1,completed
1422,587,24,2023-1,dropped
1423,558,25,2023-1,in_progress
1424,394,39,2023-1,in_progress
1425,475,28,2023-1,completed
1426,507,28,2023-1,completed
1427,426,46,2023-1,in_progress
1428,922,36,2023-1,in_progress
1429,403,30,2023-1,dropped
1430,21,1,2023-1,dropped
1431,117,27,2023-1,in_progress
1432,529,34,2023-1,completed
1433,659,44,2023-1,dropped
1434,154,8,2023-1,in_progress
1435,746,1,2023-1,completed
1436,92,47,2023-1,dropped
1437,958,22,2023-1,completed
1438,899,9,2023-1,completed
1439,181,37,2023-1,completed
1440,654,5,2023-1,completed
1441,309,42,2023-1,in_progress
1442,735,40,2023-1,in_progress
1443,39,31,2023-1,in_progress
1444,245,11,2023-1,completed
1445,392,47,2023-1,completed
1446,971,49,2023-1,dropped
1447,813,22,2023-1,in_progress
1448,917,2,2023-1,completed
1449,872,2,2023-1,in_progress
1450,948,32,2023-1,in_progress
1451,501,31,2023-1,dropped
1452,756,4,2023-1,in_progress
1453,119,34,2023-1,dropped
1454,375,11,2023-1,in_progress
1455,13,29,2023-1,in_progress
1456,578,9,2023-1,in_progress
1457,562,44,2023-1,dropped
1458,132,42,2023-1,in_progress
1459,314,41,2023-1,in_progress
1460,560,20,2023-1,in_progress
1461,594,23,2023-1,in_progress
1462,902,8,2023-1,completed
1463,650,32,2023-1,completed
1464,126,15,2023-1,in_progress
1465,191,18,2023-1,completed
1466,573,27,2023-1,completed
1467,595,10,2023-1,in_progress
1468,318,34,2023-1,completed
1469,786,15,2023-1,in_progress
1470,986,12,2023-1,completed
1471,761,34,2023-1,completed
1472,614,26,2023-1,dropped
1473,180,30,2023-1,dropped
1474,375,35,2023-1,in_progress
1475,614,25,2023-1,completed
1476,937,30,2023-1,dropped
1477,682,24,2023-1,dropped
1478,143,7,2023-1,in_progress
1479,560,29,2023-1,dropped
1480,570,32,2023-1,completed
1481,68,35,2023-1,completed
1482,653,11,2023-1,in_progress
1483,4,30,2023-1,completed
1484,584,8,2023-1,in_progress
1485,988,18,2023-1,dropped
1486,771,44,2023-1,completed
1487,879,29,2023-1,in_progress
1488,796,25,2023-1,dropped
1489,864,46,2023-1,in_progress
1490,533,3,2023-1,completed
1491,86,7,2023-1,in_progress
1492,448,38,2023-1,completed
1493,961,14,2023-1,completed
1494,194,13,2023-1,dropped
1495,630,48,2023-1,dropped
1496,499,19,2023-1,in_progress
1497,920,5,2023-1,dropped
1498,614,35,2023-1,completed
1499,431,12,2023-1,completed
1500,147,24,2023-1,in_progress
1501,950,7,2023-1,completed
1502,543,3,2023-1,dropped
1503,16,20,2023-1,completed
1504,536,21,2023-1,completed
1505,877,30,2023-1,in_progress
1506,870,23,2023-1,dropped
1507,139,35,2023-1,dropped
1508,222,50,2023-1,completed
1509,137,19,2023-1,in_progress
1510,268,50,2023-1,dropped
1511,912,18,2023-1,in_progress
1512,82,18,2023-1,completed
1513,917,23,2023-1,completed
1514,955,16,2023-1,dropped
1515,50,31,2023-1,in_progress
1516,119,44,2023-1,in_progress
1517,377,2,2023-1,completed
1518,663,11,2023-1,in_progress
1519,304,49,2023-1,in_progress
1520,750,8,2023-1,dropped
1521,170,11,2023-1,dropped
1522,464,20,2023-1,in_progress
1523,400,1,2023-1,dropped
1524,626,35,2023-1,dropped
1525,976,49,2023-1,dropped
1526,644,28,2023-1,completed
1527,100,5,2023-1,completed
1528,469,17,2023-1,in_progress
1529,516,36,2023-1,dropped
1530,665,39,2023-1,dropped
1531,540,40,2023-1,completed
1532,741,40,2023-1,completed
1533,928,37,2023-1,in_progress
1534,26,39,2023-1,dropped
1535,871,9,2023-1,completed
1536,686,14,2023-1,in_progress
1537,863,36,2023-1,completed
1538,482,7,2023-1,completed
1539,909,5,2023-1,dropped
1540,257,43,2023-1,dropped
1541,539,32,2023-1,in_progress
1542,964,20,2023-1,in_progress
1543,292,8,2023-1,in_progress
1544,337,16,2023-1,dropped
1545,368,1,2023-1,in_progress
1546,909,31,2023-1,in_progress
1547,305,35,2023-1,completed
1548,449,45,2023-1,completed
1549,770,14,2023-1,in_progress
1550,43,21,2023-1,dropped
1551,540,36,2023-1,in_progress
1552,659,31,2023-1,completed
1553,611,45,2023-1,in_progress
1554,108,17,2023-1,completed
1555,346,37,2023-1,dropped
1556,526,43,2023-1,in_progress
1557,467,11,2023-1,dropped
1558,847,42,2023-1,completed
1559,978,37,2023-1,completed
1560,339,32,2023-1,completed
1561,131,24,2023-1,completed
1562,145,46,2023-1,completed
1563,491,27,2023-1,in_progress
1564,558,49,2023-1,completed
1565,484,48,2023-1,dropped
1566,396,31,2023-1,in_progress
1567,50,20,2023-1,in_progress
1568,864,24,2023-1,in_progress
1569,17,33,2023-1,dropped
1570,532,24,2023-1,completed
1571,289,45,2023-1,dropped
1572,716,17,2023-1,completed
1573,820,27,2023-1,in_progress
1574,430,26,2023-1,dropped
1575,859,40,2023-1,in_progress
1576,89,42,2023-1,completed
1577,737,39,2023-1,completed
1578,157,46,2023-1,dropped
1579,370,49,2023-1,completed
1580,114,10,2023-1,dropped
1581,310,26,2023-1,completed
1582,906,6,2023-1,in_progress
1583,253,48,2023-1,completed
1584,353,41,2023-1,in_progress
1585,37,12,2023-1,in_progress
1586,844,29,2023-1,in_progress
1587,299,23,2023-1,completed
1588,323,36,2023-1,in_progress
1589,157,2,2023-1,completed
1590,221,11,2023-1,in_progress
1591,843,41,2023-1,dropped
1592,955,3,2023-1,dropped
1593,728,44,2023-1,completed
1594,382,31,2023-1,in_progress
1595,988,21,2023-1,completed
1596,447,17,2023-1,dropped
1597,111,8,2023-1,dropped
1598,289,38,2023-1,completed
1599,145,6,2023-1,completed
1600,261,4,2023-1,completed
1601,514,40,2023-1,dropped
1602,850,42,2023-1,dropped
1603,898,1,2023-1,in_progress
1604,566,13,2023-1,dropped
1605,638,45,2023-1,completed
1606,850,20,2023-1,in_progress
1607,327,38,2023-1,dropped
1608,995,22,2023-1,dropped
1609,19,38,2023-1,dropped
1610,382,38,2023-1,in_progress
1611,519,21,2023-1,completed
1612,116,27,2023-1,completed
1613,348,38,2023-1,in_progress
1614,568,37,2023-1,completed
1615,249,50,2023-1,in_progress
1616,365,1,2023-1,dropped
1617,789,13,2023-1,in_progress
1618,72,19,2023-1,dropped
1619,724,24,2023-1,completed
1620,677,10,2023-1,completed
1621,465,36,2023-1,completed
1622,320,12,2023-1,in_progress
1623,683,42,2023-1,completed
1624,510,22,2023-1,completed
1625,795,22,2023-1,dropped
1626,835,45,2023-1,in_progress
1627,56,27,2023-1,dropped
1628,101,30,2023-1,in_progress
1629,244,5,2023-1,completed
1630,9,39,2023-1,completed
1631,897,17,2023-1,completed
1632,266,2,2023-1,dropped
1633,180,48,2023-1,in_progress
1634,161,2,2023-1,in_progress
1635,568,26,2023-1,completed
1636,548,13,2023-1,completed
1637,47,18,2023-1,completed
1638,408,44,2023-1,in_progress
1639,442,41,2023-1,dropped
1640,176,28,2023-1,dropped
1641,96,24,2023-1,completed
1642,738,41,2023-1,dropped
1643,34,41,2023-1,in_progress
1644,980,40,2023-1,in_progress
1645,794,33,2023-1,dropped
1646,242,42,2023-1,in_progress
1647,111,18,2023-1,completed
1648,419,49,2023-1,in_progress
1649,841,36,2023-1,completed
1650,93,13,2023-1,dropped
1651,857,11,2023-1,in_progress
1652,572,35,2023-1,completed
1653,840,49,2023-1,completed
1654,163,40,2023-1,in_progress
1655,679,5,2023-1,completed
1656,400,29,2023-1,completed
1657,661,18,2023-1,in_progress
1658,268,33,2023-1,in_progress
1659,742,25,2023-1,in_progress
1660,427,11,2023-1,dropped
1661,430,48,2023-1,dropped
1662,523,43,2023-1,in_progress
1663,238,50,2023-1,in_progress
1664,18,9,2023-1,dropped
1665,915,39,2023-1,completed
1666,53,2,2023-1,dropped
1667,918,31,2023-1,in_progress
1668,638,8,2023-1,dropped
1669,700,25,2023-1,completed
1670,606,27,2023-1,dropped
1671,322,29,2023-1,dropped
1672,808,23,2023-1,dropped
1673,285,8,2023-1,dropped
1674,8,41,2023-1,in_progress
1675,64,20,2023-1,completed
1676,91,46,2023-1,completed
1677,882,46,2023-1,dropped
1678,807,11,2023-1,dropped
1679,260,35,2023-1,dropped
1680,851,41,2023-1,in_progress
1681,595,36,2023-1,completed
1682,74,20,2023-1,completed
1683,304,13,2023-1,dropped
1684,939,27,2023-1,in_progress
1685,506,9,2023-1,completed
1686,329,38,2023-1,in_progress
1687,650,25,2023-1,dropped
1688,967,29,2023-1,completed
1689,306,28,2023-1,dropped
1690,113,45,2023-1,completed
1691,325,49,2023-1,completed
1692,31,27,2023-1,in_progress
1693,489,41,2023-1,completed
1694,398,21,2023-1,dropped
1695,963,17,2023-1,dropped
1696,157,12,2023-1,completed
1697,912,39,2023-1,completed
1698,542,18,2023-1,in_progress
1699,632,34,2023-1,in_progress
1700,693,49,2023-1,completed
1701,919,25,2023-1,in_progress
1702,160,33,2023-1,completed
1703,2,40,2023-1,completed
1704,5,10,2023-1,completed
1705,13,44,2023-1,completed
1706,962,46,2023-1,completed
1707,785,33,2023-1,in_progress
1708,583,10,2023-1,dropped
1709,188,2,2023-1,completed
1710,665,37,2023-1,completed
1711,265,2,2023-1,completed
1712,522,34,2023-1,dropped
1713,970,2,2023-1,dropped
1714,263,32,2023-1,dropped
1715,331,9,2023-1,completed
1716,598,19,2023-1,completed
1717,273,1,2023-1,dropped
1718,196,9,2023-1,dropped
1719,221,11,2023-1,completed
1720,391,50,2023-1,dropped
1721,421,31,2023-1,completed
1722,169,45,2023-1,dropped
1723,67,32,2023-1,in_progress
1724,245,38,2023-1,dropped
1725,841,14,2023-1,in_progress
1726,904,16,2023-1,completed
1727,824,40,2023-1,in_progress
1728,903,4,2023-1,in_progress
1729,494,1,2023-1,dropped
1730,536,48,2023-1,dropped
1731,954,19,2023-1,completed
1732,196,7,2023-1,in_progress
1733,215,11,2023-1,dropped
1734,564,40,2023-1,completed
1735,823,20,2023-1,dropped
1736,170,25,2023-1,dropped
1737,317,33,2023-1,completed
1738,731,34,2023-1,dropped
1739,357,48,2023-1,in_progress
1740,178,1,2023-1,in_progress
1741,505,41,2023-1,in_progress
1742,858,22,2023-1,completed
1743,592,37,2023-1,in_progress
1744,688,26,2023-1,completed
1745,234,10,2023-1,in_progress
1746,104,40,2023-1,dropped
1747,237,26,2023-1,in_progress
1748,111,39,2023-1,dropped
1749,60,41,2023-1,completed
1750,309,40,2023-1,in_progress
1751,49,8,2023-1,completed
1752,568,5,2023-1,dropped
1753,528,37,2023-1,completed
1754,586,16,2023-1,in_progress
1755,677,23,2023-1,completed
1756,524,30,2023-1,dropped
1757,753,22,2023-1,dropped
1758,891,37,2023-1,in_progress
1759,120,32,2023-1,completed
1760,748,25,2023-1,dropped
1761,174,43,2023-1,dropped
1762,984,48,2023-1,completed
1763,328,14,2023-1,completed
1764,510,21,2023-1,dropped
1765,644,42,2023-1,in_progress
1766,632,10,2023-1,dropped
1767,518,1,2023-1,dropped
1768,232,42,2023-1,dropped
1769,741,44,2023-1,dropped
1770,79,27,2023-1,dropped
1771,334,16,2023-1,completed
1772,575,29,2023-1,in_progress
1773,497,8,2023-1,dropped
1774,870,41,2023-1,completed
1775,732,43,2023-1,dropped
1776,504,26,2023-1,dropped
1777,678,11,2023-1,dropped
1778,781,7,2023-1,in_progress
1779,594,16,2023-1,dropped
1780,542,26,2023-1,completed
1781,770,40,2023-1,in_progress
1782,724,16,2023-1,dropped
1783,49,8,2023-1,dropped
1784,733,46,2023-1,dropped
1785,667,9,2023-1,in_progress
1786,119,24,2023-1,dropped
1787,843,45,2023-1,in_progress
1788,629,46,2023-1,completed
1789,118,24,2023-1,completed
1790,417,30,2023-1,dropped
1791,655,16,2023-1,dropped
1792,420,27,2023-1,dropped
1793,702,35,2023-1,in_progress
1794,813,44,2023-1,dropped
1795,992,42,2023-1,dropped
1796,477,22,2023-1,in_progress
1797,917,4,2023-1,completed
1798,47,47,2023-1,in_progress
1799,362,17,2023-1,dropped
1800,836,38,2023-1,in_progress
1801,257,18,2023-1,in_progress
1802,20,44,2023-1,completed
1803,773,35,2023-1,completed
1804,617,8,2023-1,completed
1805,449,18,2023-1,dropped
1806,501,18,2023-1,in_progress
1807,425,42,2023-1,dropped
1808,788,11,2023-1,in_progress
1809,644,19,2023-1,in_progress
1810,423,46,2023-1,dropped
1811,155,39,2023-1,dropped
1812,258,17,2023-1,dropped
1813,440,9,2023-1,dropped
1814,450,49,2023-1,completed
1815,616,40,2023-1,completed
1816,760,39,2023-1,dropped
1817,870,42,2023-1,completed
1818,159,46,2023-1,completed
1819,384,13,2023-1,dropped
1820,893,50,2023-1,in_progress
1821,7,28,2023-1,completed
1822,326,17,2023-1,completed
1823,72,49,2023-1,in_progress
1824,252,22,2023-1,in_progress
1825,301,24,2023-1,dropped
1826,600,40,2023-1,completed
1827,440,39,2023-1,completed
1828,172,33,2023-1,completed
1829,126,48,2023-1,completed
1830,11,45,2023-1,dropped
1831,569,17,2023-1,in_progress
1832,566,1,2023-1,dropped
1833,75,46,2023-1,completed
1834,423,27,2023-1,in_progress
1835,681,9,2023-1,dropped
1836,154,25,2023-1,in_progress
1837,864,35,2023-1,in_progress
1838,751,30,2023-1,dropped
1839,629,27,2023-1,dropped
1840,351,41,2023-1,in_progress
1841,924,9,2023-1,dropped
1842,84,14,2023-1,completed
1843,291,46,2023-1,completed
1844,193,32,2023-1,completed
1845,893,28,2023-1,in_progress
1846,986,18,2023-1,dropped
1847,640,40,2023-1,completed
1848,905,18,2023-1,completed
1849,638,22,2023-1,completed
1850,20,41,2023-1,in_progress
1851,926,46,2023-1,in_progress
1852,438,43,2023-1,dropped
1853,160,22,2023-1,completed
1854,538,16,2023-1,dropped
1855,366,48,2023-1,in_progress
1856,340,22,2023-1,in_progress
1857,106,15,2023-1,in_progress
1858,808,48,2023-1,completed
1859,472,39,2023-1,dropped
1860,231,8,2023-1,dropped
1861,872,13,2023-1,in_progress
1862,730,47,2023-1,completed
1863,511,40,2023-1,dropped
1864,75,14,2023-1,dropped
1865,203,28,2023-1,completed
1866,648,30,2023-1,in_progress
1867,886,8,2023-1,in_progress
1868,903,40,2023-1,completed
1869,213,33,2023-1,dropped
1870,663,20,2023-1,completed
1871,787,50,2023-1,dropped
1872,22,50,2023-1,completed
1873,126,32,2023-1,in_progress
1874,875,47,2023-1,completed
1875,748,16,2023-1,completed
1876,789,28,2023-1,in_progress
1877,514,28,2023-1,in_progress
1878,999,46,2023-1,dropped
1879,241,11,2023-1,completed
1880,702,27,2023-1,in_progress
1881,499,24,2023-1,in_progress
1882,289,22,2023-1,in_progress
1883,28,15,2023-1,completed
1884,854,24,2023-1,in_progress
1885,740,30,2023-1,completed
1886,861,32,2023-1,dropped
1887,951,33,2023-1,completed
1888,483,38,2023-1,in_progress
1889,32,10,2023-1,completed
1890,804,43,2023-1,completed
1891,948,42,2023-1,dropped
1892,480,44,2023-1,dropped
1893,839,31,2023-1,in_progress
1894,906,36,2023-1,in_progress
1895,488,12,2023-1,completed
1896,52,11,2023-1,completed
1897,400,39,2023-1,in_progress
1898,632,28,2023-1,completed
1899,237,46,2023-1,dropped
1900,855,5,2023-1,in_progress
1901,573,40,2023-1,in_progress
1902,112,22,2023-1,completed
1903,670,49,2023-1,in_progress
1904,482,17,2023-1,in_progress
1905,867,4,2023-1,in_progress
1906,589,42,2023-1,in_progress
1907,266,32,2023-1,in_progress
1908,674,18,2023-1,completed
1909,472,21,2023-1,dropped
1910,79,1,2023-1,dropped
1911,94,17,2023-1,completed
1912,235,10,2023-1,completed
1913,772,38,2023-1,dropped
1914,676,24,2023-1,dropped
1915,383,41,2023-1,in_progress
1916,483,33,2023-1,in_progress
1917,117,50,2023-1,dropped
1918,171,39,2023-1,in_progress
1919,756,18,2023-1,completed
1920,55,2,2023-1,completed
1921,302,38,2023-1,completed
1922,982,46,2023-1,in_progress
1923,419,13,2023-1,completed
1924,857,10,2023-1,completed
1925,906,4,2023-1,completed
1926,4,20,2023-1,dropped
1927,728,47,2023-1,completed
1928,254,8,2023-1,completed
1929,547,36,2023-1,dropped
1930,172,33,2023-1,completed
1931,117,4,2023-1,dropped
1932,940,30,2023-1,in_progress
1933,577,13,2023-1,dropped
1934,210,16,2023-1,completed
1935,639,49,2023-1,completed
1936,651,44,2023-1,dropped
1937,840,14,2023-1,in_progress
1938,193,2,2023-1,in_progress
1939,995,41,2023-1,in_progress
1940,518,8,2023-1,in_progress
1941,171,38,2023-1,dropped
1942,655,35,2023-1,in_progress
1943,208,25,2023-1,dropped
1944,21,43,2023-1,completed
1945,962,30,2023-1,completed
1946,855,12,2023-1,in_progress
1947,33,49,2023-1,completed
1948,188,9,2023-1,in_progress
1949,77,38,2023-1,completed
1950,365,31,2023-1,dropped
1951,226,14,2023-1,in_progress
1952,824,10,2023-1,dropped
1953,350,33,2023-1,completed
1954,704,38,2023-1,completed
1955,586,13,2023-1,dropped
1956,120,50,2023-1,dropped
1957,680,14,2023-1,in_progress
1958,260,16,2023-1,completed
1959,356,10,2023-1,completed
1960,277,34,2023-1,dropped
1961,174,36,2023-1,dropped
1962,117,48,2023-1,in_progress
1963,564,37,2023-1,completed
1964,669,31,2023-1,in_progress
1965,72,45,2023-1,completed
1966,631,15,2023-1,completed
1967,641,43,2023-1,completed
1968,417,20,2023-1,dropped
1969,136,47,2023-1,dropped
1970,824,16,2023-1,completed
1971,792,15,2023-1,dropped
1972,802,4,2023-1,in_progress
1973,198,44,2023-1,dropped
1974,149,25,2023-1,in_progress
1975,961,35,2023-1,dropped
1976,570,7,2023-1,dropped
1977,667,15,2023-1,completed
1978,552,26,2023-1,in_progress
1979,559,37,2023-1,completed
1980,278,38,2023-1,dropped
1981,609,45,2023-1,completed
1982,777,19,2023-1,completed
1983,16,46,2023-1,completed
1984,18,21,2023-1,dropped
1985,296,19,2023-1,completed
1986,515,33,2023-1,in_progress
1987,166,9,2023-1,dropped
1988,334,43,2023-1,completed
1989,570,8,2023-1,dropped
1990,508,16,2023-1,in_progress
1991,747,50,2023-1,in_progress
1992,338,24,2023-1,in_progress
1993,17,38,2023-1,dropped
1994,451,2,2023-1,completed
1995,22,37,2023-1,completed
1996,652,42,2023-1,in_progress
1997,626,22,2023-1,in_progress
1998,661,43,2023-1,dropped
1999,6,47,2023-1,completed
2000,95,50,2023-1,dropped
2001,323,26,2023-1,dropped
2002,248,33,2023-1,in_progress
2003,368,48,2023-1,dropped
2004,51,11,2023-1,in_progress
2005,277,8,2023-1,completed
2006,584,31,2023-1,dropped
2007,966,44,2023-1,completed
2008,88,34,2023-1,completed
2009,830,29,2023-1,dropped
2010,192,14,2023-1,dropped
2011,872,28,2023-1,completed
2012,706,40,2023-1,dropped
2013,313,38,2023-1,in_progress
2014,550,21,2023-1,dropped
2015,810,6,2023-1,dropped
2016,54,31,2023-1,in_progress
2017,419,21,2023-1,in_progress
2018,143,11,2023-1,in_progress
2019,578,39,2023-1,dropped
2020,458,49,2023-1,in_progress
2021,739,9,2023-1,dropped
2022,310,48,2023-1,completed
2023,903,48,2023-1,dropped
2024,410,24,2023-1,in_progress
2025,537,30,2023-1,in_progress
2026,418,35,2023-1,completed
2027,524,9,2023-1,dropped
2028,967,3,2023-1,in_progress
2029,229,12,2023-1,in_progress
2030,274,1,2023-1,dropped
2031,1000,7,2023-1,dropped
2032,862,47,2023-1,in_progress
2033,958,17,2023-1,in_progress
2034,526,36,2023-1,completed
2035,848,26,2023-1,dropped
2036,19,46,2023-1,completed
2037,357,33,2023-1,completed
2038,577,27,2023-1,completed
2039,305,39,2023-1,in_progress
2040,164,45,2023-1,in_progress
2041,217,37,2023-1,in_progress
2042,118,49,2023-1,dropped
2043,986,43,2023-1,in_progress
2044,612,15,2023-1,completed
2045,310,48,2023-1,in_progress
2046,56,12,2023-1,completed
2047,447,29,2023-1,in_progress
2048,213,45,2023-1,in_progress
2049,492,3,2023-1,completed
2050,171,7,2023-1,completed
2051,595,23,2023-1,dropped
2052,975,44,2023-1,in_progress
2053,228,3,2023-1,in_progress
2054,653,47,2023-1,in_progress
2055,982,17,2023-1,in_progress
2056,941,8,2023-1,in_progress
2057,437,42,2023-1,in_progress
2058,315,21,2023-1,completed
2059,274,10,2023-1,dropped
2060,936,11,2023-1,completed
2061,777,39,2023-1,completed
2062,202,46,2023-1,completed
2063,510,43,2023-1,dropped
2064,859,11,2023-1,dropped
2065,291,10,2023-1,completed
2066,684,37,2023-1,completed
2067,284,13,2023-1,completed
2068,21,32,2023-1,dropped
2069,110,43,2023-1,in_progress
2070,733,14,2023-1,in_progress
2071,24,50,2023-1,dropped
2072,334,40,2023-1,dropped
2073,551,3,2023-1,dropped
2074,618,45,2023-1,completed
2075,905,43,2023-1,completed
2076,977,12,2023-1,in_progress
2077,201,25,2023-1,completed
2078,115,39,2023-1,in_progress
2079,75,25,2023-1,completed
2080,802,48,2023-1,dropped
2081,957,31,2023-1,in_progress
2082,159,50,2023-1,completed
2083,767,17,2023-1,in_progress
2084,289,12,2023-1,completed
2085,396,41,2023-1,in_progress
2086,297,2,2023-1,completed
2087,274,43,2023-1,completed
2088,792,30,2023-1,in_progress
2089,418,28,2023-1,dropped
2090,280,3,2023-1,dropped
2091,3,45,2023-1,in_progress
2092,266,29,2023-1,dropped
2093,534,12,2023-1,dropped
2094,38,9,2023-1,dropped
2095,148,3,2023-1,dropped
2096,711,12,2023-1,in_progress
2097,976,46,2023-1,completed
2098,865,28,2023-1,completed
2099,635,41,2023-1,in_progress
2100,594,33,2023-1,completed
2101,26,1,2023-1,dropped
2102,426,33,2023-1,dropped
2103,449,17,2023-1,in_progress
2104,160,45,2023-1,completed
2105,883,30,2023-1,dropped
2106,63,15,2023-1,in_progress
2107,121,11,2023-1,in_progress
2108,103,38,2023-1,in_progress
2109,689,30,2023-1,dropped
2110,888,43,2023-1,in_progress
2111,406,45,2023-1,dropped
2112,986,24,2023-1,dropped
2113,457,16,2023-1,completed
2114,553,22,2023-1,dropped
2115,22,41,2023-1,dropped
2116,46,44,2023-1,completed
2117,670,10,2023-1,dropped
2118,388,17,2023-1,in_progress
2119,840,37,2023-1,dropped
2120,746,41,2023-1,in_progress
2121,354,7,2023-1,in_progress
2122,854,30,2023-1,in_progress
2123,167,7,2023-1,dropped
2124,61,15,2023-1,completed
2125,454,10,2023-1,dropped
2126,27,12,2023-1,completed
2127,132,43,2023-1,completed
2128,602,34,2023-1,in_progress
2129,782,37,2023-1,in_progress
2130,885,40,2023-1,completed
2131,112,39,2023-1,dropped
2132,883,5,2023-1,dropped
2133,66,44,2023-1,in_progress
2134,491,27,2023-1,in_progress
2135,706,19,2023-1,dropped
2136,94,39,2023-1,in_progress
2137,923,36,2023-1,in_progress
2138,792,42,2023-1,in_progress
2139,442,36,2023-1,completed
2140,900,10,2023-1,dropped
2141,41,30,2023-1,dropped
2142,163,18,2023-1,in_progress
2143,156,32,2023-1,in_progress
2144,468,29,2023-1,completed
2145,237,13,2023-1,completed
2146,777,9,2023-1,dropped
2147,993,12,2023-1,completed
2148,266,11,2023-1,dropped
2149,300,33,2023-1,completed
2150,272,22,2023-1,completed
2151,211,29,2023-1,in_progress
2152,466,16,2023-1,dropped
2153,380,47,2023-1,dropped
2154,391,34,2023-1,completed
2155,852,35,2023-1,in_progress
2156,646,9,2023-1,completed
2157,159,22,2023-1,completed
2158,858,50,2023-1,dropped
2159,464,12,2023-1,dropped
2160,253,42,2023-1,dropped
2161,380,15,2023-1,completed
2162,755,50,2023-1,in_progress
2163,861,4,2023-1,completed
2164,27,44,2023-1,completed
2165,485,45,2023-1,in_progress
2166,615,44,2023-1,completed
2167,78,38,2023-1,completed
2168,931,46,2023-1,in_progress
2169,729,22,2023-1,completed
2170,475,6,2023-1,in_progress
2171,811,17,2023-1,dropped
2172,807,46,2023-1,in_progress
2173,167,2,2023-1,completed
2174,7,35,2023-1,dropped
2175,802,11,2023-1,completed
2176,648,41,2023-1,in_progress
2177,811,42,2023-1,dropped
2178,110,8,2023-1,in_progress
2179,170,33,2023-1,completed
2180,907,25,2023-1,in_progress
2181,677,14,2023-1,in_progress
2182,863,29,2023-1,completed
2183,819,31,2023-1,in_progress
2184,96,44,2023-1,in_progress
2185,430,22,2023-1,in_progress
2186,509,30,2023-1,in_progress
2187,789,33,2023-1,dropped
2188,670,39,2023-1,dropped
2189,574,12,2023-1,dropped
2190,147,25,2023-1,in_progress
2191,634,41,2023-1,in_progress
2192,585,36,2023-1,completed
2193,47,33,2023-1,dropped
2194,157,27,2023-1,dropped
2195,582,1,2023-1,completed
2196,691,29,2023-1,completed
2197,800,15,2023-1,in_progress
2198,772,35,2023-1,dropped
2199,996,1,2023-1,in_progress
2200,780,26,2023-1,dropped
2201,392,25,2023-1,dropped
2202,637,49,2023-1,completed
2203,142,24,2023-1,in_progress
2204,25,24,2023-1,in_progress
2205,863,31,2023-1,completed
2206,762,25,2023-1,completed
2207,867,13,2023-1,dropped
2208,736,1,2023-1,completed
2209,843,41,2023-1,dropped
2210,237,33,2023-1,completed
2211,89,33,2023-1,dropped
2212,758,17,2023-1,dropped
2213,995,29,2023-1,in_progress
2214,156,48,2023-1,completed
2215,888,50,2023-1,in_progress
2216,635,22,2023-1,completed
2217,789,36,2023-1,in_progress
2218,55,16,2023-1,dropped
2219,763,43,2023-1,in_progress
2220,165,23,2023-1,in_progress
2221,52,36,2023-1,dropped
2222,486,44,2023-1,completed
2223,706,39,2023-1,in_progress
2224,971,11,2023-1,in_progress
2225,762,16,2023-1,completed
2226,729,5,2023-1,in_progress
2227,195,25,2023-1,dropped
2228,529,17,2023-1,in_progress
2229,346,2,2023-1,in_progress
2230,23,35,2023-1,dropped
2231,49,46,2023-1,in_progress
2232,452,9,2023-1,completed
2233,956,25,2023-1,dropped
2234,957,11,2023-1,dropped
2235,257,44,2023-1,dropped
2236,527,44,2023-1,in_progress
2237,81,2,2023-1,in_progress
2238,487,7,2023-1,completed
2239,245,40,2023-1,completed
2240,898,8,2023-1,in_progress
2241,112,21,2023-1,dropped
2242,232,43,2023-1,dropped
2243,273,39,2023-1,dropped
2244,7,15,2023-1,dropped
2245,159,11,2023-1,in_progress
2246,340,13,2023-1,completed
2247,690,37,2023-1,completed
2248,508,12,2023-1,completed
2249,311,31,2023-1,dropped
2250,471,43,2023-1,in_progress
2251,548,3,2023-1,dropped
2252,349,29,2023-1,dropped
2253,565,6,2023-1,in_progress
2254,584,41,2023-1,completed
2255,869,14,2023-1,dropped
2256,376,43,2023-1,in_progress
2257,72,20,2023-1,in_progress
2258,562,13,2023-1,in_progress
2259,534,46,2023-1,completed
2260,629,1,2023-1,completed
2261,461,33,2023-1,in_progress
2262,12,9,2023-1,in_progress
2263,876,16,2023-1,completed
2264,681,23,2023-1,in_progress
2265,394,46,2023-1,completed
2266,937,42,2023-1,completed
2267,821,48,2023-1,in_progress
2268,43,50,2023-1,completed
2269,994,42,2023-1,completed
2270,394,20,2023-1,completed
2271,770,17,2023-1,dropped
2272,509,34,2023-1,in_progress
2273,901,44,2023-1,dropped
2274,621,31,2023-1,in_progress
2275,438,31,2023-1,in_progress
2276,242,17,2023-1,completed
2277,580,17,2023-1,completed
2278,656,46,2023-1,dropped
2279,149,43,2023-1,completed
2280,953,4,2023-1,completed
2281,407,5,2023-1,in_progress
2282,351,35,2023-1,completed
2283,895,17,2023-1,completed
2284,182,24,2023-1,in_progress
2285,565,12,2023-1,completed
2286,36,39,2023-1,dropped
2287,124,7,2023-1,completed
2288,46,42,2023-1,in_progress
2289,701,49,2023-1,in_progress
2290,200,35,2023-1,in_progress
2291,185,7,2023-1,in_progress
2292,731,39,2023-1,dropped
2293,119,48,2023-1,in_progress
2294,402,39,2023-1,dropped
2295,237,29,2023-1,completed
2296,608,49,2023-1,dropped
2297,199,32,2023-1,in_progress
2298,266,39,2023-1,dropped
2299,324,30,2023-1,completed
2300,126,49,2023-1,dropped
2301,508,22,2023-1,completed
2302,226,14,2023-1,dropped
2303,208,21,2023-1,in_progress
2304,263,42,2023-1,dropped
2305,651,42,2023-1,dropped
2306,962,3,2023-1,dropped
2307,846,25,2023-1,in_progress
2308,396,9,2023-1,completed
2309,521,16,2023-1,dropped
2310,486,34,2023-1,completed
2311,330,41,2023-1,dropped
2312,972,22,2023-1,dropped
2313,64,41,2023-1,dropped
2314,110,37,2023-1,in_progress
2315,287,7,2023-1,dropped
2316,374,46,2023-1,in_progress
2317,185,1,2023-1,in_progress
2318,604,48,2023-1,dropped
2319,241,46,2023-1,dropped
2320,657,50,2023-1,dropped
2321,183,41,2023-1,completed
2322,950,47,2023-1,dropped
2323,281,1,2023-1,dropped
2324,323,26,2023-1,dropped
2325,530,36,2023-1,completed
2326,677,42,2023-1,dropped
2327,2,10,2023-1,completed
2328,789,9,2023-1,completed
2329,252,48,2023-1,dropped
2330,945,47,2023-1,in_progress
2331,992,13,2023-1,completed
2332,485,33,2023-1,dropped
2333,694,48,2023-1,in_progress
2334,459,11,2023-1,dropped
2335,736,3,2023-1,dropped
2336,971,28,2023-1,dropped
2337,96,6,2023-1,dropped
2338,488,13,2023-1,completed
2339,207,12,2023-1,completed
2340,607,27,2023-1,in_progress
2341,738,15,2023-1,dropped
2342,935,41,2023-1,in_progress
2343,693,28,2023-1,completed
2344,119,33,2023-1,dropped
2345,685,12,2023-1,dropped
2346,575,22,2023-1,in_progress
2347,301,32,2023-1,in_progress
2348,230,17,2023-1,completed
2349,818,11,2023-1,completed
2350,356,41,2023-1,dropped
2351,416,10,2023-1,in_progress
2352,62,10,2023-1,completed
2353,266,23,2023-1,dropped
2354,897,47,2023-1,dropped
2355,256,21,2023-1,in_progress
2356,437,25,2023-1,completed
2357,580,26,2023-1,dropped
2358,109,14,2023-1,dropped
2359,659,36,2023-1,in_progress
2360,330,23,2023-1,completed
2361,523,23,2023-1,in_progress
2362,525,21,2023-1,completed
2363,840,10,2023-1,in_progress
2364,851,28,2023-1,dropped
2365,413,10,2023-1,completed
2366,704,1,2023-1,dropped
2367,683,24,2023-1,in_progress
2368,969,28,2023-1,dropped
2369,653,7,2023-1,completed
2370,760,27,2023-1,in_progress
2371,701,39,2023-1,in_progress
2372,882,17,2023-1,in_progress
2373,55,46,2023-1,in_progress
2374,357,44,2023-1,in_progress
2375,398,5,2023-1,completed
2376,781,37,2023-1,dropped
2377,288,33,2023-1,in_progress
2378,548,3,2023-1,dropped
2379,794,13,2023-1,dropped
2380,267,39,2023-1,in_progress
2381,774,30,2023-1,dropped
2382,798,17,2023-1,dropped
2383,429,43,2023-1,dropped
2384,837,47,2023-1,completed
2385,41,49,2023-1,completed
2386,141,8,2023-1,dropped
2387,707,26,2023-1,dropped
2388,115,14,2023-1,dropped
2389,700,45,2023-1,completed
2390,364,46,2023-1,dropped
2391,894,24,2023-1,in_progress
2392,883,20,2023-1,dropped
2393,453,20,2023-1,completed
2394,627,41,2023-1,in_progress
2395,518,25,2023-1,dropped
2396,927,49,2023-1,dropped
2397,679,34,2023-1,in_progress
2398,779,22,2023-1,completed
2399,86,28,2023-1,in_progress
2400,277,38,2023-1,dropped
2401,477,5,2023-1,completed
2402,719,35,2023-1,completed
2403,256,23,2023-1,dropped
2404,176,2,2023-1,in_progress
2405,944,40,2023-1,completed
2406,65,9,2023-1,dropped
2407,657,15,2023-1,completed
2408,800,9,2023-1,completed
2409,760,39,2023-1,in_progress
2410,926,6,2023-1,completed
2411,720,8,2023-1,in_progress
2412,451,22,2023-1,completed
2413,953,44,2023-1,completed
2414,402,10,2023-1,completed
2415,336,46,2023-1,completed
2416,448,19,2023-1,in_progress
2417,380,28,2023-1,completed
2418,653,27,2023-1,dropped
2419,292,9,2023-1,dropped
2420,153,46,2023-1,in_progress
2421,896,15,2023-1,in_progress
2422,398,10,2023-1,completed
2423,329,15,2023-1,completed
2424,804,12,2023-1,dropped
2425,199,50,2023-1,in_progress
2426,553,17,2023-1,completed
2427,816,10,2023-1,in_progress
2428,973,25,2023-1,dropped
2429,718,10,2023-1,completed
2430,410,17,2023-1,dropped
2431,92,38,2023-1,completed
2432,532,29,2023-1,completed
2433,454,25,2023-1,completed
2434,752,4,2023-1,in_progress
2435,763,36,2023-1,completed
2436,726,46,2023-1,dropped
2437,687,14,2023-1,completed
2438,200,12,2023-1,completed
2439,361,17,2023-1,in_progress
2440,909,30,2023-1,in_progress
2441,10,39,2023-1,dropped
2442,73,41,2023-1,completed
2443,668,10,2023-1,in_progress
2444,907,50,2023-1,in_progress
2445,284,42,2023-1,dropped
2446,675,18,2023-1,in_progress
2447,36,50,2023-1,completed
2448,558,1,2023-1,completed
2449,985,17,2023-1,in_progress
2450,979,33,2023-1,completed
2451,812,42,2023-1,in_progress
2452,725,17,2023-1,dropped
2453,496,15,2023-1,completed
2454,467,8,2023-1,in_progress
2455,839,2,2023-1,in_progress
2456,523,44,2023-1,in_progress
2457,714,16,2023-1,in_progress
2458,614,18,2023-1,in_progress
2459,599,14,2023-1,completed
2460,532,15,2023-1,dropped
2461,860,32,2023-1,in_progress
2462,871,13,2023-1,completed
2463,45,20,2023-1,in_progress
2464,5,19,2023-1,completed
2465,859,31,2023-1,in_progress
2466,898,27,2023-1,completed
2467,147,1,2023-1,in_progress
2468,687,20,2023-1,dropped
2469,114,38,2023-1,in_progress
2470,783,36,2023-1,completed
2471,674,28,2023-1,in_progress
2472,286,44,2023-1,in_progress
2473,65,3,2023-1,dropped
2474,894,27,2023-1,completed
2475,709,42,2023-1,in_progress
2476,269,28,2023-1,completed
2477,445,31,2023-1,completed
2478,113,36,2023-1,in_progress
2479,468,8,2023-1,completed
2480,730,26,2023-1,dropped
2481,684,24,2023-1,dropped
2482,266,19,2023-1,in_progress
2483,31,7,2023-1,completed
2484,937,36,2023-1,dropped
2485,542,19,2023-1,dropped
2486,946,41,2023-1,in_progress
2487,762,50,2023-1,completed
2488,342,18,2023-1,dropped
2489,27,13,2023-1,completed
2490,533,15,2023-1,completed
2491,538,30,2023-1,dropped
2492,500,23,2023-1,completed
2493,113,50,2023-1,in_progress
2494,299,28,2023-1,in_progress
2495,712,50,2023-1,in_progress
2496,702,9,2023-1,in_progress
2497,863,46,2023-1,dropped
2498,357,9,2023-1,dropped
2499,258,34,2023-1,dropped
2500,537,16,2023-1,in_progress
2501,876,46,2023-1,in_progress
2502,317,4,2023-1,in_progress
2503,298,19,2023-1,in_progress
2504,549,16,2023-1,in_progress
2505,20,11,2023-1,completed
2506,541,20,2023-1,in_progress
2507,923,23,2023-1,in_progress
2508,146,5,2023-1,dropped
2509,670,15,2023-1,dropped
2510,109,35,2023-1,in_progress
2511,268,29,2023-1,in_progress
2512,38,35,2023-1,completed
2513,841,36,2023-1,completed
2514,932,45,2023-1,in_progress
2515,179,3,2023-1,completed
2516,112,12,2023-1,in_progress
2517,951,6,2023-1,completed
2518,235,41,2023-1,dropped
2519,49,8,2023-1,in_progress
2520,780,37,2023-1,in_progress
2521,325,2,2023-1,in_progress
2522,894,4,2023-1,dropped
2523,467,2,2023-1,dropped
2524,738,50,2023-1,completed
2525,465,25,2023-1,completed
2526,647,46,2023-1,completed
2527,939,10,2023-1,in_progress
2528,502,39,2023-1,dropped
2529,381,35,2023-1,completed
2530,941,16,2023-1,dropped
2531,815,4,2023-1,completed
2532,321,15,2023-1,in_progress
2533,990,8,2023-1,dropped
2534,228,44,2023-1,in_progress
2535,29,30,2023-1,in_progress
2536,566,38,2023-1,in_progress
2537,66,40,2023-1,completed
2538,568,38,2023-1,in_progress
2539,715,6,2023-1,in_progress
2540,777,16,2023-1,dropped
2541,256,30,2023-1,in_progress
2542,44,26,2023-1,dropped
2543,743,20,2023-1,dropped
2544,889,18,2023-1,in_progress
2545,932,34,2023-1,dropped
2546,736,36,2023-1,dropped
2547,18,29,2023-1,in_progress
2548,64,6,2023-1,in_progress
2549,879,12,2023-1,dropped
2550,245,5,2023-1,dropped
2551,80,2,2023-1,in_progress
2552,785,38,2023-1,completed
2553,351,4,2023-1,dropped
2554,173,5,2023-1,completed
2555,424,4,2023-1,completed
2556,758,17,2023-1,dropped
2557,600,39,2023-1,dropped
2558,819,38,2023-1,completed
2559,303,12,2023-1,in_progress
2560,572,31,2023-1,completed
2561,182,17,2023-1,dropped
2562,221,23,2023-1,in_progress
2563,54,44,2023-1,dropped
2564,408,40,2023-1,in_progress
2565,330,27,2023-1,dropped
2566,967,41,2023-1,completed
2567,161,27,2023-1,in_progress
2568,547,49,2023-1,completed
2569,359,1,2023-1,completed
2570,811,32,2023-1,in_progress
2571,552,27,2023-1,completed
2572,604,8,2023-1,dropped
2573,556,31,2023-1,dropped
2574,6,3,2023-1,completed
2575,496,35,2023-1,dropped
2576,678,18,2023-1,dropped
2577,798,16,2023-1,completed
2578,277,50,2023-1,in_progress
2579,291,14,2023-1,in_progress
2580,748,27,2023-1,in_progress
2581,139,14,2023-1,completed
2582,116,2,2023-1,dropped
2583,815,7,2023-1,in_progress
2584,880,46,2023-1,in_progress
2585,972,14,2023-1,in_progress
2586,174,39,2023-1,completed
2587,134,17,2023-1,dropped
2588,230,18,2023-1,dropped
2589,599,44,2023-1,in_progress
2590,429,34,2023-1,completed
2591,66,21,2023-1,in_progress
2592,262,31,2023-1,in_progress
2593,928,46,2023-1,in_progress
2594,890,7,2023-1,in_progress
2595,242,39,2023-1,in_progress
2596,960,34,2023-1,in_progress
2597,647,17,2023-1,dropped
2598,585,43,2023-1,completed
2599,70,4,2023-1,completed
2600,61,17,2023-1,dropped
2601,550,35,2023-1,completed
2602,991,38,2023-1,completed
2603,247,6,2023-1,in_progress
2604,573,50,2023-1,completed
2605,168,39,2023-1,dropped
2606,365,38,2023-1,completed
2607,57,9,2023-1,dropped
2608,705,3,2023-1,completed
2609,923,8,2023-1,completed
2610,618,13,2023-1,completed
2611,592,18,2023-1,dropped
2612,901,40,2023-1,dropped
2613,590,35,2023-1,in_progress
2614,931,46,2023-1,dropped
2615,539,30,2023-1,completed
2616,24,13,2023-1,in_progress
2617,82,18,2023-1,in_progress
2618,46,8,2023-1,completed
2619,358,13,2023-1,completed
2620,219,41,2023-1,in_progress
2621,397,10,2023-1,completed
2622,949,49,2023-1,completed
2623,762,1,2023-1,dropped
2624,4,27,2023-1,dropped
2625,745,47,2023-1,completed
2626,206,8,2023-1,completed
2627,788,32,2023-1,completed
2628,206,40,2023-1,in_progress
2629,190,10,2023-1,completed
2630,818,50,2023-1,in_progress
2631,740,23,2023-1,in_progress
2632,2,5,2023-1,completed
2633,229,44,2023-1,in_progress
2634,900,49,2023-1,in_progress
2635,578,12,2023-1,in_progress
2636,416,49,2023-1,dropped
2637,662,4,2023-1,in_progress
2638,10,6,2023-1,dropped
2639,795,18,2023-1,completed
2640,183,1,2023-1,dropped
2641,23,10,2023-1,completed
2642,348,1,2023-1,completed
2643,469,11,2023-1,in_progress
2644,321,12,2023-1,dropped
2645,494,37,2023-1,in_progress
2646,190,25,2023-1,dropped
2647,923,14,2023-1,completed
2648,222,2,2023-1,dropped
2649,370,43,2023-1,completed
2650,944,8,2023-1,in_progress
2651,535,30,2023-1,in_progress
2652,523,46,2023-1,dropped
2653,557,11,2023-1,completed
2654,748,24,2023-1,completed
2655,402,12,2023-1,in_progress
2656,753,38,2023-1,dropped
2657,78,42,2023-1,in_progress
2658,76,14,2023-1,dropped
2659,525,2,2023-1,completed
2660,245,43,2023-1,dropped
2661,410,23,2023-1,in_progress
2662,971,3,2023-1,completed
2663,318,30,2023-1,dropped
2664,463,35,2023-1,dropped
2665,257,23,2023-1,dropped
2666,204,39,2023-1,completed
2667,902,44,2023-1,completed
2668,997,12,2023-1,completed
2669,214,24,2023-1,completed
2670,579,9,2023-1,dropped
2671,554,29,2023-1,dropped
2672,854,26,2023-1,dropped
2673,146,41,2023-1,completed
2674,915,10,2023-1,in_progress
2675,443,21,2023-1,completed
2676,822,50,2023-1,in_progress
2677,513,11,2023-1,completed
2678,921,11,2023-1,completed
2679,82,27,2023-1,in_progress
2680,799,2,2023-1,completed
2681,198,8,2023-1,dropped
2682,90,29,2023-1,in_progress
2683,304,11,2023-1,in_progress
2684,770,34,2023-1,in_progress
2685,342,31,2023-1,dropped
2686,31,49,2023-1,completed
2687,897,9,2023-1,in_progress
2688,38,7,2023-1,completed
2689,30,48,2023-1,dropped
2690,96,47,2023-1,in_progress
2691,774,24,2023-1,in_progress
2692,341,34,2023-1,dropped
2693,942,32,2023-1,dropped
2694,924,12,2023-1,in_progress
2695,733,31,2023-1,completed
2696,655,3,2023-1,in_progress
2697,358,16,2023-1,completed
2698,11,21,2023-1,dropped
2699,916,45,2023-1,in_progress
2700,92,25,2023-1,dropped
2701,559,19,2023-1,in_progress
2702,682,40,2023-1,in_progress
2703,252,14,2023-1,dropped
2704,702,23,2023-1,completed
2705,783,20,2023-1,in_progress
2706,767,4,2023-1,dropped
2707,107,49,2023-1,dropped
2708,319,32,2023-1,dropped
2709,165,24,2023-1,dropped
2710,332,28,2023-1,dropped
2711,149,44,2023-1,completed
2712,420,40,2023-1,dropped
2713,875,34,2023-1,completed
2714,155,10,2023-1,completed
2715,777,18,2023-1,dropped
2716,309,29,2023-1,completed
2717,721,21,2023-1,dropped
2718,663,40,2023-1,in_progress
2719,190,37,2023-1,in_progress
2720,226,28,2023-1,completed
2721,374,8,2023-1,dropped
2722,950,38,2023-1,in_progress
2723,990,1,2023-1,completed
2724,151,4,2023-1,in_progress
2725,642,26,2023-1,in_progress
2726,50,24,2023-1,completed
2727,889,5,2023-1,dropped
2728,380,3,2023-1,in_progress
2729,327,14,2023-1,dropped
2730,67,49,2023-1,in_progress
2731,975,27,2023-1,dropped
2732,232,48,2023-1,in_progress
2733,389,29,2023-1,in_progress
2734,298,27,2023-1,dropped
2735,191,48,2023-1,completed
2736,847,45,2023-1,in_progress
2737,735,23,2023-1,dropped
2738,104,30,2023-1,completed
2739,527,46,2023-1,in_progress
2740,168,50,2023-1,dropped
2741,438,34,2023-1,completed
2742,415,5,2023-1,completed
2743,689,12,2023-1,in_progress
2744,933,40,2023-1,dropped
2745,875,5,2023-1,in_progress
2746,610,9,2023-1,dropped
2747,913,38,2023-1,dropped
2748,941,16,2023-1,in_progress
2749,872,24,2023-1,dropped
2750,127,45,2023-1,completed
2751,11,7,2023-1,dropped
2752,566,33,2023-1,in_progress
2753,937,6,2023-1,dropped
2754,384,8,2023-1,dropped
2755,830,30,2023-1,in_progress
2756,422,4,2023-1,completed
2757,89,38,2023-1,completed
2758,995,5,2023-1,dropped
2759,833,10,2023-1,in_progress
2760,147,35,2023-1,completed
2761,341,44,2023-1,completed
2762,768,27,2023-1,in_progress
2763,364,2,2023-1,completed
2764,454,35,2023-1,dropped
2765,503,18,2023-1,in_progress
2766,752,47,2023-1,dropped
2767,899,27,2023-1,in_progress
2768,940,19,2023-1,dropped
2769,719,12,2023-1,in_progress
2770,814,9,2023-1,dropped
2771,541,41,2023-1,dropped
2772,862,16,2023-1,dropped
2773,102,30,2023-1,in_progress
2774,343,12,2023-1,completed
2775,501,37,2023-1,completed
2776,379,33,2023-1,completed
2777,108,34,2023-1,dropped
2778,436,35,2023-1,dropped
2779,174,15,2023-1,in_progress
2780,593,29,2023-1,completed
2781,447,25,2023-1,in_progress
2782,556,20,2023-1,completed
2783,512,21,2023-1,completed
2784,707,22,2023-1,in_progress
2785,894,40,2023-1,dropped
2786,121,37,2023-1,completed
2787,144,35,2023-1,completed
2788,70,36,2023-1,completed
2789,436,34,2023-1,completed
2790,530,35,2023-1,dropped
2791,51,7,2023-1,completed
2792,282,34,2023-1,completed
2793,228,1,2023-1,completed
2794,557,11,2023-1,dropped
2795,711,18,2023-1,completed
2796,613,37,2023-1,dropped
2797,698,9,2023-1,dropped
2798,806,46,2023-1,dropped
2799,700,36,2023-1,in_progress
2800,531,32,2023-1,in_progress
2801,739,9,2023-1,dropped
2802,80,24,2023-1,in_progress
2803,12,42,2023-1,in_progress
2804,762,17,2023-1,completed
2805,239,25,2023-1,completed
2806,237,17,2023-1,dropped
2807,93,6,2023-1,completed
2808,275,41,2023-1,in_progress
2809,319,44,2023-1,in_progress
2810,699,15,2023-1,completed
2811,82,44,2023-1,dropped
2812,535,20,2023-1,in_progress
2813,940,7,2023-1,dropped
2814,18,8,2023-1,completed
2815,373,44,2023-1,dropped
2816,367,16,2023-1,in_progress
2817,696,29,2023-1,completed
2818,154,10,2023-1,in_progress
2819,728,17,2023-1,in_progress
2820,310,8,2023-1,completed
2821,835,29,2023-1,in_progress
2822,939,31,2023-1,in_progress
2823,938,6,2023-1,dropped
2824,26,25,2023-1,completed
2825,978,4,2023-1,dropped
2826,253,50,2023-1,completed
2827,663,4,2023-1,dropped
2828,398,2,2023-1,completed
2829,868,1,2023-1,completed
2830,329,46,2023-1,in_progress
2831,135,23,2023-1,dropped
2832,839,22,2023-1,dropped
2833,127,46,2023-1,in_progress
2834,309,43,2023-1,dropped
2835,340,42,2023-1,in_progress
2836,375,4,2023-1,dropped
2837,89,9,2023-1,dropped
2838,81,27,2023-1,dropped
2839,483,39,2023-1,completed
2840,5,6,2023-1,completed
2841,939,47,2023-1,dropped
2842,748,2,2023-1,in_progress
2843,436,32,2023-1,completed
2844,582,3,2023-1,dropped
2845,296,5,2023-1,dropped
2846,579,49,2023-1,completed
2847,102,2,2023-1,completed
2848,734,28,2023-1,in_progress
2849,824,20,2023-1,dropped
2850,525,31,2023-1,dropped
2851,18,19,2023-1,completed
2852,493,14,2023-1,completed
2853,875,14,2023-1,in_progress
2854,542,8,2023-1,in_progress
2855,438,9,2023-1,in_progress
2856,281,47,2023-1,in_progress
2857,160,44,2023-1,in_progress
2858,359,7,2023-1,dropped
2859,250,22,2023-1,dropped
2860,820,41,2023-1,in_progress
2861,84,17,2023-1,completed
2862,226,7,2023-1,in_progress
2863,972,5,2023-1,dropped
2864,168,40,2023-1,dropped
2865,865,50,2023-1,dropped
2866,940,25,2023-1,in_progress
2867,470,16,2023-1,dropped
2868,76,14,2023-1,dropped
2869,397,22,2023-1,dropped
2870,989,24,2023-1,dropped
2871,745,45,2023-1,completed
2872,579,21,2023-1,in_progress
2873,291,33,2023-1,in_progress
2874,324,36,2023-1,dropped
2875,697,5,2023-1,completed
2876,795,10,2023-1,in_progress
2877,592,48,2023-1,completed
2878,288,38,2023-1,dropped
2879,118,35,2023-1,completed
2880,87,19,2023-1,dropped
2881,807,38,2023-1,dropped
2882,396,20,2023-1,dropped
2883,186,34,2023-1,completed
2884,658,8,2023-1,completed
2885,784,1,2023-1,in_progress
2886,871,35,2023-1,in_progress
2887,288,28,2023-1,dropped
2888,802,16,2023-1,dropped
2889,387,2,2023-1,completed
2890,109,6,2023-1,in_progress
2891,704,25,2023-1,dropped
2892,302,26,2023-1,completed
2893,830,6,2023-1,dropped
2894,70,33,2023-1,dropped
2895,194,23,2023-1,dropped
2896,681,19,2023-1,dropped
2897,683,29,2023-1,dropped
2898,720,13,2023-1,completed
2899,693,32,2023-1,completed
2900,72,22,2023-1,completed
2901,359,45,2023-1,completed
2902,202,48,2023-1,dropped
2903,785,46,2023-1,completed
2904,888,32,2023-1,completed
2905,198,40,2023-1,in_progress
2906,920,46,2023-1,dropped
2907,685,17,2023-1,dropped
2908,849,43,2023-1,dropped
2909,541,29,2023-1,completed
2910,229,43,2023-1,completed
2911,681,50,2023-1,dropped
2912,671,7,2023-1,in_progress
2913,970,39,2023-1,dropped
2914,146,15,2023-1,dropped
2915,102,17,2023-1,in_progress
2916,826,17,2023-1,in_progress
2917,781,27,2023-1,dropped
2918,906,21,2023-1,dropped
2919,130,34,2023-1,dropped
2920,58,15,2023-1,dropped
2921,665,40,2023-1,dropped
2922,418,8,2023-1,in_progress
2923,96,22,2023-1,in_progress
2924,855,11,2023-1,in_progress
2925,318,39,2023-1,dropped
2926,56,30,2023-1,completed
2927,248,42,2023-1,dropped
2928,180,38,2023-1,in_progress
2929,247,10,2023-1,dropped
2930,975,7,2023-1,completed
2931,610,30,2023-1,in_progress
2932,583,27,2023-1,dropped
2933,748,22,2023-1,completed
2934,397,12,2023-1,in_progress
2935,632,32,2023-1,in_progress
2936,216,29,2023-1,completed
2937,872,45,2023-1,in_progress
2938,119,1,2023-1,dropped
2939,10,7,2023-1,in_progress
2940,547,12,2023-1,in_progress
2941,216,19,2023-1,in_progress
2942,596,41,2023-1,dropped
2943,704,27,2023-1,in_progress
2944,165,35,2023-1,in_progress
2945,369,28,2023-1,in_progress
2946,9,43,2023-1,in_progress
2947,444,36,2023-1,completed
2948,381,28,2023-1,in_progress
2949,60,49,2023-1,dropped
2950,203,46,2023-1,in_progress
2951,245,4,2023-1,in_progress
2952,600,44,2023-1,dropped
2953,641,10,2023-1,in_progress
2954,230,45,2023-1,dropped
2955,989,45,2023-1,completed
2956,198,49,2023-1,dropped
2957,137,37,2023-1,completed
2958,833,16,2023-1,completed
2959,67,31,2023-1,dropped
2960,915,47,2023-1,dropped
2961,720,13,2023-1,dropped
2962,777,46,2023-1,dropped
2963,717,42,2023-1,dropped
2964,246,30,2023-1,completed
2965,468,21,2023-1,in_progress
2966,551,35,2023-1,in_progress
2967,926,31,2023-1,completed
2968,668,2,2023-1,completed
2969,138,12,2023-1,in_progress
2970,752,45,2023-1,dropped
2971,811,8,2023-1,dropped
2972,346,47,2023-1,completed
2973,825,47,2023-1,in_progress
2974,313,34,2023-1,completed
2975,476,34,2023-1,in_progress
2976,575,45,2023-1,completed
2977,623,43,2023-1,completed
2978,147,24,2023-1,completed
2979,804,40,2023-1,completed
2980,438,33,2023-1,in_progress
2981,302,26,2023-1,dropped
2982,260,5,2023-1,in_progress
2983,171,16,2023-1,in_progress
2984,395,33,2023-1,completed
2985,351,21,2023-1,in_progress
2986,699,7,2023-1,completed
2987,588,11,2023-1,dropped
2988,966,44,2023-1,completed
2989,810,17,2023-1,in_progress
2990,781,14,2023-1,completed
2991,414,19,2023-1,dropped
2992,974,6,2023-1,dropped
2993,922,44,2023-1,in_progress
2994,524,40,2023-1,completed
2995,824,50,2023-1,dropped
2996,395,26,2023-1,completed
2997,99,37,2023-1,in_progress
2998,237,35,2023-1,completed
2999,599,16,2023-1,dropped
3000,696,43,2023-1,dropped
